Season,Driver,Round,Race_Name,Circuit_Type,Team,Car_Number,Finish_Position,DNF,DNF_Reason,Quali_Position,Avg_Lap_Time,Lap_Variance,Race_Pace_Delta,Num_Pit_Stops,Avg_Pit_Stop_Time,Tyres_Used,Track_Performance_Delta
2024,VER,1,Bahrain Grand Prix,Permanent,Red Bull,1,1.0,0.0,,1.0,95.68515094339625,1.0797944497454204,3.077150943396248,2,,"SOFT,HARD",-2.625
2024,PER,1,Bahrain Grand Prix,Permanent,Red Bull,11,2.0,0.0,,5.0,96.11556603773583,1.1682566813161241,3.5075660377358275,2,,"SOFT,HARD",-7.625
2024,HAM,1,Bahrain Grand Prix,Permanent,Mercedes,44,7.0,0.0,,9.0,96.62003773584905,1.4455650340885369,4.012037735849049,2,,"SOFT,HARD",0.04166666666666696
2024,RUS,1,Bahrain Grand Prix,Permanent,Mercedes,63,5.0,0.0,,3.0,96.52609433962263,0.9555236434733444,3.918094339622627,2,,"SOFT,HARD",-1.75
2024,LEC,1,Bahrain Grand Prix,Permanent,Ferrari,16,4.0,0.0,,2.0,96.4042075471698,1.1420705615828861,3.7962075471698,2,,"SOFT,HARD",-0.541666666666667
2024,SAI,1,Bahrain Grand Prix,Permanent,Ferrari,55,3.0,0.0,,4.0,96.18830188679247,1.222482650260805,3.580301886792469,2,,"SOFT,HARD",-2.695652173913044
2024,NOR,1,Bahrain Grand Prix,Permanent,McLaren,4,6.0,0.0,,7.0,96.57115094339622,1.2676046368010336,3.963150943396215,2,,"SOFT,HARD",1.708333333333333
2024,PIA,1,Bahrain Grand Prix,Permanent,McLaren,81,8.0,0.0,,8.0,96.6506037735849,1.3175680005750485,4.042603773584901,2,,"SOFT,HARD",2.875
2024,ALO,1,Bahrain Grand Prix,Permanent,Aston Martin,14,9.0,0.0,,6.0,97.02932075471696,1.5367923483870425,4.421320754716959,2,,"SOFT,HARD",-1.166666666666666
2024,STR,1,Bahrain Grand Prix,Permanent,Aston Martin,18,10.0,0.0,,12.0,97.37133962264154,2.0182344239782015,4.7633396226415385,2,,"SOFT,HARD",-3.375
2024,OCO,1,Bahrain Grand Prix,Permanent,Alpine,31,17.0,1.0,Lapped,19.0,97.98084615384617,1.5366513807833404,5.372846153846169,2,,"SOFT,HARD",3.304347826086957
2024,GAS,1,Bahrain Grand Prix,Permanent,Alpine,10,18.0,1.0,Lapped,20.0,97.50328000000002,1.9428475949345216,4.895280000000014,3,,"SOFT,HARD",5.125
2024,ALB,1,Bahrain Grand Prix,Permanent,Williams,23,15.0,1.0,Lapped,13.0,97.65675,1.3961195925373537,5.048749999999998,2,,"SOFT,HARD",0.4583333333333339
2024,SAR,1,Bahrain Grand Prix,Permanent,Williams,2,20.0,1.0,Lapped,18.0,97.73518367346938,2.0491920834143134,5.127183673469375,3,,"SOFT,HARD",2.8571428571428577
2024,BOT,1,Bahrain Grand Prix,Permanent,Sauber,77,19.0,1.0,Lapped,16.0,97.92746153846154,1.7830863577729543,5.319461538461539,2,,"SOFT,HARD",3.166666666666666
2024,ZHO,1,Bahrain Grand Prix,Permanent,Sauber,24,11.0,1.0,Lapped,17.0,97.54948076923074,1.342574502119183,4.941480769230736,2,,"SOFT,HARD",-4.5
2024,MAG,1,Bahrain Grand Prix,Permanent,Haas,20,12.0,1.0,Lapped,15.0,97.59746153846154,1.4220486666272758,4.989461538461541,2,,"SOFT,HARD",-1.3636363636363633
2024,HUL,1,Bahrain Grand Prix,Permanent,Haas,27,16.0,1.0,Lapped,10.0,96.85468,1.0670709564609318,4.246679999999998,3,,"SOFT,HARD",4.375
2024,TSU,1,Bahrain Grand Prix,Permanent,RB,22,14.0,1.0,Lapped,11.0,97.6008846153846,1.230220921557224,4.992884615384597,2,,"SOFT,HARD",0.8333333333333339
2024,RIC,1,Bahrain Grand Prix,Permanent,RB,3,13.0,1.0,Lapped,14.0,97.58709615384616,1.691624689052619,4.979096153846157,2,,"SOFT,HARD",-0.3888888888888893
2024,BOR,1,Bahrain Grand Prix,Permanent,Sauber,5,,,,,,,,0,,,
2024,VER,2,Saudi Arabian Grand Prix,Street,Red Bull,1,1.0,0.0,,1.0,92.98459574468087,0.7134348835212478,1.352595744680869,1,,"MEDIUM,HARD",-2.625
2024,PER,2,Saudi Arabian Grand Prix,Street,Red Bull,11,2.0,0.0,,3.0,93.21353191489362,0.9520325133985664,1.5815319148936169,1,,"MEDIUM,HARD",-7.625
2024,HAM,2,Saudi Arabian Grand Prix,Street,Mercedes,44,9.0,0.0,,8.0,94.61717391304349,5.273756061035087,2.9851739130434822,1,,"MEDIUM,SOFT",2.041666666666667
2024,RUS,2,Saudi Arabian Grand Prix,Street,Mercedes,63,6.0,0.0,,7.0,94.02802127659577,1.4634853795167224,2.3960212765957607,1,,"MEDIUM,HARD",-0.75
2024,LEC,2,Saudi Arabian Grand Prix,Street,Ferrari,16,3.0,0.0,,2.0,93.44738297872338,1.0184749586725763,1.8153829787233775,1,,"MEDIUM,HARD",-1.541666666666667
2024,SAI,2,Saudi Arabian Grand Prix,Street,Ferrari,55,,,,,,,,0,,,
2024,NOR,2,Saudi Arabian Grand Prix,Street,McLaren,4,8.0,0.0,,6.0,94.47089130434783,5.086975033153073,2.8388913043478254,1,,"MEDIUM,SOFT",3.708333333333333
2024,PIA,2,Saudi Arabian Grand Prix,Street,McLaren,81,4.0,0.0,,5.0,93.78274468085105,1.1757277758734044,2.150744680851048,1,,"MEDIUM,HARD",-1.125
2024,ALO,2,Saudi Arabian Grand Prix,Street,Aston Martin,14,5.0,0.0,,4.0,93.86997872340424,1.2352905570783872,2.2379787234042396,1,,"MEDIUM,HARD",-5.166666666666666
2024,STR,2,Saudi Arabian Grand Prix,Street,Aston Martin,18,19.0,1.0,Retired,10.0,97.1216,2.9731662079338927,5.489599999999996,0,,MEDIUM,5.625
2024,OCO,2,Saudi Arabian Grand Prix,Street,Alpine,31,13.0,1.0,Lapped,17.0,96.55753191489362,7.273375183416702,4.925531914893611,1,,"MEDIUM,HARD",-0.695652173913043
2024,GAS,2,Saudi Arabian Grand Prix,Street,Alpine,10,20.0,1.0,Retired,18.0,,,,0,,MEDIUM,7.125
2024,ALB,2,Saudi Arabian Grand Prix,Street,Williams,23,11.0,0.0,,12.0,96.25064583333331,7.515667412753919,4.618645833333304,1,,"MEDIUM,HARD",-3.541666666666666
2024,SAR,2,Saudi Arabian Grand Prix,Street,Williams,2,14.0,1.0,Lapped,19.0,96.56212765957444,6.9361004381205875,4.930127659574438,1,,"MEDIUM,HARD",-3.1428571428571423
2024,BOT,2,Saudi Arabian Grand Prix,Street,Sauber,77,17.0,1.0,Lapped,16.0,96.51917777777778,7.24587644579155,4.887177777777779,2,,"SOFT,HARD",1.166666666666666
2024,ZHO,2,Saudi Arabian Grand Prix,Street,Sauber,24,18.0,1.0,Lapped,20.0,97.22947826086957,9.851006082266432,5.597478260869565,1,,"MEDIUM,SOFT",2.5
2024,MAG,2,Saudi Arabian Grand Prix,Street,Haas,20,12.0,0.0,,13.0,96.19622916666667,7.561973026449395,4.564229166666664,1,,"MEDIUM,HARD",-1.3636363636363633
2024,HUL,2,Saudi Arabian Grand Prix,Street,Haas,27,10.0,0.0,,15.0,95.39647826086957,5.548176131703625,3.7644782608695664,1,,"MEDIUM,HARD",-1.625
2024,TSU,2,Saudi Arabian Grand Prix,Street,RB,22,15.0,1.0,Lapped,9.0,96.56021276595746,7.816670891326544,4.928212765957454,1,,"MEDIUM,HARD",1.833333333333334
2024,RIC,2,Saudi Arabian Grand Prix,Street,RB,3,16.0,1.0,Lapped,14.0,96.54897872340426,5.427484970797534,4.916978723404256,1,,"MEDIUM,HARD",2.6111111111111107
2024,BOR,2,Saudi Arabian Grand Prix,Street,Sauber,5,,,,,,,,0,,,
2024,VER,3,Australian Grand Prix,Street,Red Bull,1,19.0,1.0,Retired,1.0,84.89066666666668,2.2771614640453883,5.077666666666673,0,,MEDIUM,15.375
2024,PER,3,Australian Grand Prix,Street,Red Bull,11,5.0,0.0,,3.0,83.50811111111112,6.385254241083157,3.6951111111111175,2,,"MEDIUM,HARD",-4.625
2024,HAM,3,Australian Grand Prix,Street,Mercedes,44,18.0,1.0,Retired,11.0,84.108,2.937534425330196,4.295000000000002,1,,"SOFT,HARD",11.041666666666668
2024,RUS,3,Australian Grand Prix,Street,Mercedes,63,17.0,1.0,Retired,7.0,83.01357692307693,3.1362677415852094,3.200576923076923,2,,"MEDIUM,HARD",10.25
2024,LEC,3,Australian Grand Prix,Street,Ferrari,16,2.0,0.0,,5.0,82.61850000000001,4.708792849953541,2.805500000000009,2,,"MEDIUM,HARD",-2.541666666666667
2024,SAI,3,Australian Grand Prix,Street,Ferrari,55,1.0,0.0,,2.0,82.29709259259259,4.356647076133415,2.4840925925925887,2,,"MEDIUM,HARD",-4.695652173913044
2024,NOR,3,Australian Grand Prix,Street,McLaren,4,3.0,0.0,,4.0,82.66377777777778,4.781405397195165,2.850777777777779,2,,"MEDIUM,HARD",-1.291666666666667
2024,PIA,3,Australian Grand Prix,Street,McLaren,81,4.0,0.0,,6.0,83.23337037037037,6.3362008535449705,3.420370370370364,2,,"MEDIUM,HARD",-1.125
2024,ALO,3,Australian Grand Prix,Street,Aston Martin,14,8.0,0.0,,10.0,83.74385185185186,6.708387915920503,3.9308518518518554,2,,"HARD,MEDIUM",-2.166666666666666
2024,STR,3,Australian Grand Prix,Street,Aston Martin,18,6.0,0.0,,9.0,84.24787037037038,6.495828101075964,4.434870370370376,2,,"MEDIUM,HARD",-7.375
2024,OCO,3,Australian Grand Prix,Street,Alpine,31,16.0,1.0,Lapped,15.0,84.10392156862746,6.141850525185833,4.2909215686274536,3,,"MEDIUM,HARD",2.304347826086957
2024,GAS,3,Australian Grand Prix,Street,Alpine,10,13.0,1.0,Lapped,17.0,84.19537735849057,5.624035391569949,4.382377358490572,2,,"MEDIUM,HARD",0.125
2024,ALB,3,Australian Grand Prix,Street,Williams,23,11.0,1.0,Lapped,12.0,84.13009433962264,5.055598759578529,4.317094339622642,2,,"MEDIUM,HARD",-3.541666666666666
2024,SAR,3,Australian Grand Prix,Street,Williams,2,,,,,,,,0,,,
2024,BOT,3,Australian Grand Prix,Street,Sauber,77,14.0,1.0,Lapped,13.0,84.2627924528302,6.049312422335193,4.449792452830195,2,,"MEDIUM,HARD",-1.833333333333334
2024,ZHO,3,Australian Grand Prix,Street,Sauber,24,15.0,1.0,Lapped,19.0,84.17636538461537,5.834385748299024,4.3633653846153635,3,,"SOFT,HARD",-0.5
2024,MAG,3,Australian Grand Prix,Street,Haas,20,10.0,1.0,Lapped,14.0,84.08790566037737,5.293576224154035,4.274905660377371,2,,"MEDIUM,HARD",-3.3636363636363633
2024,HUL,3,Australian Grand Prix,Street,Haas,27,9.0,0.0,,16.0,84.15425925925926,5.677359013263005,4.34125925925926,2,,"HARD,MEDIUM",-2.625
2024,TSU,3,Australian Grand Prix,Street,RB,22,7.0,0.0,,8.0,84.22300000000001,6.004736111902412,4.410000000000011,2,,"MEDIUM,HARD",-6.166666666666666
2024,RIC,3,Australian Grand Prix,Street,RB,3,12.0,1.0,Lapped,18.0,84.17030188679247,5.603116143941366,4.35730188679247,2,,"SOFT,HARD",-1.3888888888888893
2024,BOR,3,Australian Grand Prix,Street,Sauber,5,,,,,,,,0,,,
2024,VER,4,Japanese Grand Prix,Permanent,Red Bull,1,1.0,0.0,,1.0,96.02823913043478,1.1820288243295478,2.322239130434781,3,,"MEDIUM,HARD",-2.625
2024,PER,4,Japanese Grand Prix,Permanent,Red Bull,11,2.0,0.0,,2.0,96.30945652173912,1.288117570660928,2.603456521739119,3,,"MEDIUM,HARD",-7.625
2024,HAM,4,Japanese Grand Prix,Permanent,Mercedes,44,9.0,0.0,,7.0,97.00691304347825,1.8527322745500545,3.3009130434782463,3,,"MEDIUM,HARD",2.041666666666667
2024,RUS,4,Japanese Grand Prix,Permanent,Mercedes,63,7.0,0.0,,9.0,96.93771739130435,1.637215341338164,3.2317173913043433,3,,"MEDIUM,HARD",0.25
2024,LEC,4,Japanese Grand Prix,Permanent,Ferrari,16,4.0,0.0,,8.0,96.91824999999999,1.216036314897272,3.212249999999983,2,,"MEDIUM,HARD",-0.541666666666667
2024,SAI,4,Japanese Grand Prix,Permanent,Ferrari,55,3.0,0.0,,4.0,96.44147826086959,1.370300725131052,2.7354782608695842,3,,"MEDIUM,HARD",-2.695652173913044
2024,NOR,4,Japanese Grand Prix,Permanent,McLaren,4,5.0,0.0,,3.0,96.57910869565215,0.9371971742799167,2.8731086956521494,3,,"MEDIUM,HARD",0.708333333333333
2024,PIA,4,Japanese Grand Prix,Permanent,McLaren,81,8.0,0.0,,6.0,96.90947826086958,1.1745053188305925,3.2034782608695735,3,,"MEDIUM,HARD",2.875
2024,ALO,4,Japanese Grand Prix,Permanent,Aston Martin,14,6.0,0.0,,5.0,96.91047826086955,1.1028984991906146,3.20447826086955,3,,"SOFT,MEDIUM,HARD",-4.166666666666666
2024,STR,4,Japanese Grand Prix,Permanent,Aston Martin,18,12.0,1.0,Lapped,16.0,98.55540909090911,5.714430449628059,4.849409090909106,4,,"SOFT,MEDIUM,HARD",-1.375
2024,OCO,4,Japanese Grand Prix,Permanent,Alpine,31,15.0,1.0,Lapped,15.0,99.64541304347827,6.302421596589632,5.939413043478268,3,,"SOFT,HARD,MEDIUM",1.304347826086957
2024,GAS,4,Japanese Grand Prix,Permanent,Alpine,10,16.0,1.0,Lapped,17.0,99.82421739130434,6.015247769582611,6.118217391304341,3,,"SOFT,HARD,MEDIUM",3.125
2024,ALB,4,Japanese Grand Prix,Permanent,Williams,23,20.0,1.0,Retired,14.0,,,,0,,SOFT,5.458333333333334
2024,SAR,4,Japanese Grand Prix,Permanent,Williams,2,17.0,1.0,Lapped,19.0,98.727,5.54310094559203,5.021000000000001,4,,"SOFT,HARD,MEDIUM",-0.14285714285714235
2024,BOT,4,Japanese Grand Prix,Permanent,Sauber,77,14.0,1.0,Lapped,13.0,99.27065217391304,7.555374205652533,5.564652173913032,3,,"SOFT,HARD",-1.833333333333334
2024,ZHO,4,Japanese Grand Prix,Permanent,Sauber,24,18.0,1.0,Retired,20.0,103.96083333333333,12.475947986692898,10.254833333333323,3,-101.418,"MEDIUM,SOFT,HARD",2.5
2024,MAG,4,Japanese Grand Prix,Permanent,Haas,20,13.0,1.0,Lapped,18.0,99.31275000000001,5.083444989123696,5.606750000000005,2,,"MEDIUM,HARD",-0.3636363636363633
2024,HUL,4,Japanese Grand Prix,Permanent,Haas,27,11.0,1.0,Lapped,12.0,97.91604444444444,1.6141445518736652,4.210044444444435,3,,"SOFT,HARD",-0.625
2024,TSU,4,Japanese Grand Prix,Permanent,RB,22,10.0,1.0,Lapped,10.0,97.91577777777776,1.0358520184082298,4.209777777777759,3,,"MEDIUM,SOFT,HARD",-3.166666666666666
2024,RIC,4,Japanese Grand Prix,Permanent,RB,3,19.0,1.0,Retired,11.0,,,,0,,MEDIUM,5.611111111111111
2024,BOR,4,Japanese Grand Prix,Permanent,Sauber,5,,,,,,,,0,,,
2024,VER,5,Chinese Grand Prix,Permanent,Red Bull,1,1.0,0.0,,1.0,104.27882,13.197292671790603,6.468819999999994,2,,"MEDIUM,HARD",-2.625
2024,PER,5,Chinese Grand Prix,Permanent,Red Bull,11,3.0,0.0,,2.0,105.00121999999999,12.766073080214909,7.191219999999987,2,,"MEDIUM,HARD",-6.625
2024,HAM,5,Chinese Grand Prix,Permanent,Mercedes,44,9.0,0.0,,18.0,107.91371153846156,13.84786521005829,10.103711538461553,2,,"SOFT,MEDIUM,HARD",2.041666666666667
2024,RUS,5,Chinese Grand Prix,Permanent,Mercedes,63,6.0,0.0,,8.0,106.3994117647059,13.136655868487185,8.5894117647059,2,,"MEDIUM,HARD",-0.75
2024,LEC,5,Chinese Grand Prix,Permanent,Ferrari,16,4.0,0.0,,6.0,105.9065576923077,13.195298786137048,8.096557692307698,1,,"MEDIUM,HARD",-0.541666666666667
2024,SAI,5,Chinese Grand Prix,Permanent,Ferrari,55,5.0,0.0,,7.0,106.84463461538462,13.086846295495166,9.034634615384618,1,,"MEDIUM,HARD",-0.6956521739130439
2024,NOR,5,Chinese Grand Prix,Permanent,McLaren,4,2.0,0.0,,4.0,106.07786792452829,14.592967866588943,8.26786792452829,1,,"MEDIUM,HARD",-2.291666666666667
2024,PIA,5,Chinese Grand Prix,Permanent,McLaren,81,8.0,0.0,,5.0,106.82554901960785,13.08046836518284,9.015549019607846,2,,"MEDIUM,HARD",2.875
2024,ALO,5,Chinese Grand Prix,Permanent,Aston Martin,14,7.0,0.0,,3.0,105.35745833333333,12.392502093035391,7.547458333333324,3,,"MEDIUM,HARD,SOFT",-3.166666666666666
2024,STR,5,Chinese Grand Prix,Permanent,Aston Martin,18,15.0,0.0,,11.0,104.68543749999999,9.299803500340573,6.87543749999999,4,,"SOFT,MEDIUM,HARD",1.625
2024,OCO,5,Chinese Grand Prix,Permanent,Alpine,31,11.0,0.0,,13.0,107.69530769230768,13.540038102791208,9.885307692307677,2,,"MEDIUM,HARD",-2.695652173913043
2024,GAS,5,Chinese Grand Prix,Permanent,Alpine,10,13.0,0.0,,15.0,107.24868000000002,13.081830564409492,9.43868000000002,3,,"MEDIUM,HARD",0.125
2024,ALB,5,Chinese Grand Prix,Permanent,Williams,23,12.0,0.0,,14.0,107.72703846153847,13.125360403584423,9.917038461538468,2,,"MEDIUM,HARD",-2.541666666666666
2024,SAR,5,Chinese Grand Prix,Permanent,Williams,2,17.0,0.0,,20.0,108.51241176470587,13.47230972205801,10.702411764705872,3,,"SOFT,MEDIUM,HARD",-0.14285714285714235
2024,BOT,5,Chinese Grand Prix,Permanent,Sauber,77,20.0,1.0,Retired,10.0,102.91335294117647,1.452130415164926,5.1033529411764675,1,,"MEDIUM,HARD",4.166666666666666
2024,ZHO,5,Chinese Grand Prix,Permanent,Sauber,24,14.0,0.0,,16.0,107.56733999999999,13.260149062802995,9.757339999999985,3,,"MEDIUM,HARD,SOFT",-1.5
2024,MAG,5,Chinese Grand Prix,Permanent,Haas,20,16.0,0.0,,17.0,107.71667307692307,11.801399130613508,9.90667307692307,2,,"HARD,MEDIUM",2.6363636363636367
2024,HUL,5,Chinese Grand Prix,Permanent,Haas,27,10.0,0.0,,9.0,107.61501923076922,13.658410870574468,9.805019230769219,2,,"MEDIUM,HARD",-1.625
2024,TSU,5,Chinese Grand Prix,Permanent,RB,22,19.0,1.0,Retired,19.0,107.8093181818182,11.067051112311303,9.999318181818197,2,,"SOFT,MEDIUM,HARD",5.833333333333334
2024,RIC,5,Chinese Grand Prix,Permanent,RB,3,18.0,1.0,Retired,12.0,113.83572413793102,16.091879790965894,16.02572413793102,1,,MEDIUM,4.611111111111111
2024,BOR,5,Chinese Grand Prix,Permanent,Sauber,5,,,,,,,,0,,,
2024,VER,6,Miami Grand Prix,Street,Red Bull,1,2.0,0.0,,1.0,94.1375925925926,8.631601092253579,3.5035925925925966,1,,"MEDIUM,HARD",-1.625
2024,PER,6,Miami Grand Prix,Street,Red Bull,11,4.0,0.0,,4.0,94.60162264150942,8.788539077918063,3.967622641509422,2,,"MEDIUM,HARD",-5.625
2024,HAM,6,Miami Grand Prix,Street,Mercedes,44,6.0,0.0,,8.0,95.66269090909091,9.263169129872322,5.028690909090912,1,,"HARD,MEDIUM",-0.958333333333333
2024,RUS,6,Miami Grand Prix,Street,Mercedes,63,8.0,0.0,,7.0,95.98467272727272,8.724530298414129,5.350672727272723,1,,"MEDIUM,HARD",1.25
2024,LEC,6,Miami Grand Prix,Street,Ferrari,16,3.0,0.0,,2.0,94.50146296296296,8.780786533113751,3.8674629629629607,1,,"MEDIUM,HARD",-1.541666666666667
2024,SAI,6,Miami Grand Prix,Street,Ferrari,55,5.0,0.0,,3.0,95.4021818181818,11.007655661016797,4.768181818181802,1,,"MEDIUM,HARD",-0.6956521739130439
2024,NOR,6,Miami Grand Prix,Street,McLaren,4,1.0,0.0,,5.0,92.99735185185183,4.166107590877856,2.3633518518518315,1,,"MEDIUM,HARD",-3.291666666666667
2024,PIA,6,Miami Grand Prix,Street,McLaren,81,13.0,0.0,,6.0,94.64599999999999,8.603088866169855,4.011999999999986,2,,"MEDIUM,HARD",7.875
2024,ALO,6,Miami Grand Prix,Street,Aston Martin,14,9.0,0.0,,15.0,95.91394545454547,8.165690092218469,5.279945454545469,1,,"HARD,MEDIUM",-1.166666666666666
2024,STR,6,Miami Grand Prix,Street,Aston Martin,18,17.0,0.0,,11.0,94.92154716981132,5.549391777365675,4.287547169811319,2,,"MEDIUM,HARD",3.625
2024,OCO,6,Miami Grand Prix,Street,Alpine,31,10.0,0.0,,13.0,95.91521818181819,8.361159200358369,5.28121818181819,1,,"MEDIUM,HARD",-3.695652173913043
2024,GAS,6,Miami Grand Prix,Street,Alpine,10,12.0,0.0,,12.0,96.13825454545454,8.113441728067531,5.504254545454543,1,,"MEDIUM,HARD",-0.875
2024,ALB,6,Miami Grand Prix,Street,Williams,23,18.0,0.0,,14.0,96.3180754716981,8.02935587714773,5.684075471698094,2,,"MEDIUM,HARD,SOFT",3.458333333333334
2024,SAR,6,Miami Grand Prix,Street,Williams,2,20.0,1.0,Retired,17.0,95.01199999999999,2.855631599722437,4.377999999999986,1,,"MEDIUM,HARD",2.8571428571428577
2024,BOT,6,Miami Grand Prix,Street,Sauber,77,16.0,0.0,,16.0,95.14841509433961,5.644842170696669,4.514415094339611,2,,"SOFT,HARD,MEDIUM",0.16666666666666607
2024,ZHO,6,Miami Grand Prix,Street,Sauber,24,14.0,0.0,,20.0,95.4072909090909,6.09219902727076,4.773290909090903,1,,"MEDIUM,SOFT",-1.5
2024,MAG,6,Miami Grand Prix,Street,Haas,20,19.0,0.0,,19.0,93.81299999999999,2.391216594121077,3.178999999999988,3,,"HARD,MEDIUM",5.636363636363637
2024,HUL,6,Miami Grand Prix,Street,Haas,27,11.0,0.0,,9.0,94.87237735849057,5.512936283891438,4.238377358490567,2,,"MEDIUM,HARD",-0.625
2024,TSU,6,Miami Grand Prix,Street,RB,22,7.0,0.0,,10.0,95.09432727272727,8.113351296553075,4.46032727272727,1,,"MEDIUM,HARD",-6.166666666666666
2024,RIC,6,Miami Grand Prix,Street,RB,3,15.0,0.0,,18.0,95.45161818181815,5.916931425972699,4.817618181818148,1,,"HARD,MEDIUM",1.6111111111111107
2024,BOR,6,Miami Grand Prix,Street,Sauber,5,,,,,,,,0,,,
2024,VER,7,Emilia Romagna Grand Prix,Permanent,Red Bull,1,1.0,0.0,,1.0,80.90881967213114,0.4347846021574641,2.319819672131146,1,,"MEDIUM,HARD",-2.625
2024,PER,7,Emilia Romagna Grand Prix,Permanent,Red Bull,11,8.0,0.0,,11.0,81.7812786885246,1.5342866434834095,3.1922786885245955,1,,"HARD,MEDIUM",-1.625
2024,HAM,7,Emilia Romagna Grand Prix,Permanent,Mercedes,44,6.0,0.0,,8.0,81.48745901639346,1.1379488941918048,2.89845901639346,1,,"MEDIUM,HARD",-0.958333333333333
2024,RUS,7,Emilia Romagna Grand Prix,Permanent,Mercedes,63,7.0,0.0,,6.0,81.2118813559322,1.0077568310403435,2.6228813559322077,2,,"MEDIUM,HARD",0.25
2024,LEC,7,Emilia Romagna Grand Prix,Permanent,Ferrari,16,3.0,0.0,,4.0,81.01867213114755,0.6824806644711987,2.429672131147555,1,,"MEDIUM,HARD",-1.541666666666667
2024,SAI,7,Emilia Romagna Grand Prix,Permanent,Ferrari,55,5.0,0.0,,5.0,81.26391803278689,0.708844841863201,2.6749180327868913,1,,"MEDIUM,HARD",-0.6956521739130439
2024,NOR,7,Emilia Romagna Grand Prix,Permanent,McLaren,4,2.0,0.0,,3.0,80.90454098360655,0.6008381804826338,2.315540983606553,1,,"MEDIUM,HARD",-2.291666666666667
2024,PIA,7,Emilia Romagna Grand Prix,Permanent,McLaren,81,4.0,0.0,,2.0,81.14590163934427,0.7896439852853109,2.556901639344275,1,,"MEDIUM,HARD",-1.125
2024,ALO,7,Emilia Romagna Grand Prix,Permanent,Aston Martin,14,19.0,1.0,Lapped,19.0,82.28919999999998,1.0890052103402206,3.700199999999981,4,,"SOFT,HARD,MEDIUM",8.833333333333334
2024,STR,7,Emilia Romagna Grand Prix,Permanent,Aston Martin,18,9.0,0.0,,13.0,82.19804918032787,1.4074108192733386,3.6090491803278724,1,,"MEDIUM,HARD",-4.375
2024,OCO,7,Emilia Romagna Grand Prix,Permanent,Alpine,31,14.0,1.0,Lapped,12.0,82.92921666666668,1.1788246098272899,4.340216666666677,1,,"MEDIUM,HARD",0.304347826086957
2024,GAS,7,Emilia Romagna Grand Prix,Permanent,Alpine,10,16.0,1.0,Lapped,15.0,82.58770689655172,1.3510269779095174,3.998706896551724,2,,"SOFT,HARD,MEDIUM",3.125
2024,ALB,7,Emilia Romagna Grand Prix,Permanent,Williams,23,20.0,1.0,Retired,14.0,82.28588372093022,1.5555494697449905,3.6968837209302166,4,-132.794,"MEDIUM,HARD",5.458333333333334
2024,SAR,7,Emilia Romagna Grand Prix,Permanent,Williams,2,17.0,1.0,Lapped,20.0,82.99793333333332,1.5934327709320606,4.408933333333323,1,,"HARD,MEDIUM",-0.14285714285714235
2024,BOT,7,Emilia Romagna Grand Prix,Permanent,Sauber,77,18.0,1.0,Lapped,16.0,83.14156666666665,1.5514733988517595,4.5525666666666496,1,,"MEDIUM,HARD",2.166666666666666
2024,ZHO,7,Emilia Romagna Grand Prix,Permanent,Sauber,24,15.0,1.0,Lapped,17.0,82.92645,1.517208201359058,4.337450000000004,1,,"HARD,MEDIUM",-0.5
2024,MAG,7,Emilia Romagna Grand Prix,Permanent,Haas,20,12.0,1.0,Lapped,18.0,82.63360000000002,1.4900837219113185,4.044600000000017,1,,"MEDIUM,HARD",-1.3636363636363633
2024,HUL,7,Emilia Romagna Grand Prix,Permanent,Haas,27,11.0,1.0,Lapped,10.0,82.65323333333332,0.8661511271950432,4.06423333333332,1,,"MEDIUM,HARD",-0.625
2024,TSU,7,Emilia Romagna Grand Prix,Permanent,RB,22,10.0,1.0,Lapped,7.0,82.54576666666667,1.0309278750794446,3.9567666666666668,1,,"MEDIUM,HARD",-3.166666666666666
2024,RIC,7,Emilia Romagna Grand Prix,Permanent,RB,3,13.0,1.0,Lapped,9.0,82.68411666666667,1.1475818805640274,4.095116666666669,1,,"MEDIUM,HARD",-0.3888888888888893
2024,BOR,7,Emilia Romagna Grand Prix,Permanent,Sauber,5,,,,,,,,0,,,
2024,VER,8,Monaco Grand Prix,Street,Red Bull,1,6.0,0.0,,6.0,78.38366216216215,2.3801971788760503,4.218662162162147,2,,"HARD,MEDIUM",2.375
2024,PER,8,Monaco Grand Prix,Street,Red Bull,11,18.0,1.0,Retired,16.0,,,,0,,HARD,8.375
2024,HAM,8,Monaco Grand Prix,Street,Mercedes,44,7.0,0.0,,7.0,78.36398648648648,2.529302624625644,4.198986486486476,2,,"HARD,MEDIUM",0.04166666666666696
2024,RUS,8,Monaco Grand Prix,Street,Mercedes,63,5.0,0.0,,5.0,78.58964473684209,2.107820072675069,4.424644736842083,1,,"HARD,MEDIUM",-1.75
2024,LEC,8,Monaco Grand Prix,Street,Ferrari,16,1.0,0.0,,1.0,78.43903947368422,1.698523574094391,4.274039473684212,1,,"MEDIUM,HARD",-3.541666666666667
2024,SAI,8,Monaco Grand Prix,Street,Ferrari,55,3.0,0.0,,3.0,78.52307894736842,1.7594298604048437,4.358078947368412,1,,"MEDIUM,HARD",-2.695652173913044
2024,NOR,8,Monaco Grand Prix,Street,McLaren,4,4.0,0.0,,4.0,78.53284210526316,1.6915917793812367,4.367842105263151,1,,"MEDIUM,HARD",-0.29166666666666696
2024,PIA,8,Monaco Grand Prix,Street,McLaren,81,2.0,0.0,,2.0,78.52414473684212,1.5892239926366358,4.3591447368421115,1,,"MEDIUM,HARD",-3.125
2024,ALO,8,Monaco Grand Prix,Street,Aston Martin,14,11.0,1.0,Lapped,14.0,80.56287837837837,1.7626152887792708,6.3978783783783655,1,,"HARD,MEDIUM",0.8333333333333339
2024,STR,8,Monaco Grand Prix,Street,Aston Martin,18,14.0,1.0,Lapped,13.0,79.94244285714285,1.9524321186271214,5.7774428571428444,3,,"HARD,MEDIUM,SOFT",0.625
2024,OCO,8,Monaco Grand Prix,Street,Alpine,31,17.0,1.0,Retired,11.0,,,,0,,HARD,3.304347826086957
2024,GAS,8,Monaco Grand Prix,Street,Alpine,10,10.0,1.0,Lapped,10.0,80.24642666666665,1.7689709191484166,6.081426666666644,1,,"HARD,MEDIUM",-2.875
2024,ALB,8,Monaco Grand Prix,Street,Williams,23,9.0,1.0,Lapped,9.0,80.16712000000001,1.7364341059551687,6.002120000000005,1,,"MEDIUM,HARD",-5.541666666666666
2024,SAR,8,Monaco Grand Prix,Street,Williams,2,15.0,1.0,Lapped,15.0,80.40183333333333,2.4846782261137847,6.236833333333323,2,,"HARD,MEDIUM",-2.1428571428571423
2024,BOT,8,Monaco Grand Prix,Street,Sauber,77,13.0,1.0,Lapped,17.0,80.33368055555555,2.0263697007514763,6.1686805555555395,2,,"HARD,MEDIUM",-2.833333333333334
2024,ZHO,8,Monaco Grand Prix,Street,Sauber,24,16.0,1.0,Lapped,18.0,80.91995833333333,2.0133268273512854,6.75495833333332,2,,"MEDIUM,HARD,SOFT",0.5
2024,MAG,8,Monaco Grand Prix,Street,Haas,20,20.0,1.0,Retired,15.0,,,,0,,HARD,6.636363636363637
2024,HUL,8,Monaco Grand Prix,Street,Haas,27,19.0,1.0,Retired,14.0,,,,0,,MEDIUM,7.375
2024,TSU,8,Monaco Grand Prix,Street,RB,22,8.0,1.0,Lapped,8.0,79.9754,2.0882227022169,5.810399999999987,1,,"MEDIUM,HARD",-5.166666666666666
2024,RIC,8,Monaco Grand Prix,Street,RB,3,12.0,1.0,Lapped,12.0,80.56895945945946,1.8759034093134113,6.4039594594594575,1,,"MEDIUM,HARD",-1.3888888888888893
2024,BOR,8,Monaco Grand Prix,Street,Sauber,5,,,,,,,,0,,,
2024,VER,9,Canadian Grand Prix,Street,Red Bull,1,1.0,0.0,,2.0,89.89010606060607,14.965751694738826,15.034106060606078,2,,"INTERMEDIATE,MEDIUM",-2.625
2024,PER,9,Canadian Grand Prix,Street,Red Bull,11,18.0,1.0,Retired,16.0,90.76997872340426,7.939633212121057,15.91397872340427,2,,"INTERMEDIATE,MEDIUM",8.375
2024,HAM,9,Canadian Grand Prix,Street,Mercedes,44,4.0,0.0,,7.0,89.01528125,13.20627951461181,14.159281250000006,3,,"INTERMEDIATE,MEDIUM,HARD",-2.958333333333333
2024,RUS,9,Canadian Grand Prix,Street,Mercedes,63,3.0,0.0,,1.0,89.1565,13.812951270226458,14.3005,3,,"INTERMEDIATE,HARD,MEDIUM",-3.75
2024,LEC,9,Canadian Grand Prix,Street,Ferrari,16,19.0,1.0,Retired,11.0,92.35579411764706,6.545152153609857,17.49979411764707,3,,"INTERMEDIATE,HARD",14.458333333333332
2024,SAI,9,Canadian Grand Prix,Street,Ferrari,55,16.0,1.0,Retired,12.0,90.64695833333333,8.179094243039678,15.790958333333336,2,,"INTERMEDIATE,MEDIUM",10.304347826086957
2024,NOR,9,Canadian Grand Prix,Street,McLaren,4,2.0,0.0,,3.0,89.25233333333331,13.77387113379011,14.396333333333317,2,,"INTERMEDIATE,MEDIUM",-2.291666666666667
2024,PIA,9,Canadian Grand Prix,Street,McLaren,81,5.0,0.0,,4.0,90.01007575757576,14.533290757970509,15.154075757575768,2,,"INTERMEDIATE,MEDIUM",-0.125
2024,ALO,9,Canadian Grand Prix,Street,Aston Martin,14,6.0,0.0,,6.0,89.8962121212121,12.318513634757114,15.040212121212107,2,,"INTERMEDIATE,HARD",-4.166666666666666
2024,STR,9,Canadian Grand Prix,Street,Aston Martin,18,7.0,0.0,,9.0,90.01687878787878,11.678941149996502,15.160878787878787,2,,"INTERMEDIATE,HARD",-6.375
2024,OCO,9,Canadian Grand Prix,Street,Alpine,31,10.0,0.0,,18.0,90.93426470588234,11.99558026769592,16.078264705882347,1,,"INTERMEDIATE,MEDIUM",-3.695652173913043
2024,GAS,9,Canadian Grand Prix,Street,Alpine,10,9.0,0.0,,15.0,89.89180303030304,10.979509927720535,15.035803030303043,2,,"INTERMEDIATE,HARD",-3.875
2024,ALB,9,Canadian Grand Prix,Street,Williams,23,17.0,1.0,Retired,10.0,90.76639583333333,8.586002155263824,15.91039583333334,2,,"INTERMEDIATE,MEDIUM",2.458333333333334
2024,SAR,9,Canadian Grand Prix,Street,Williams,2,20.0,1.0,Retired,13.0,94.10952173913044,8.733487629232691,19.25352173913045,0,,INTERMEDIATE,2.8571428571428577
2024,BOT,9,Canadian Grand Prix,Street,Sauber,77,13.0,0.0,,17.0,90.52237313432836,10.545402466328301,15.666373134328367,2,,"INTERMEDIATE,MEDIUM",-2.833333333333334
2024,ZHO,9,Canadian Grand Prix,Street,Sauber,24,15.0,1.0,Lapped,20.0,89.6665,8.358336534930114,14.810500000000005,4,,"INTERMEDIATE,MEDIUM",-0.5
2024,MAG,9,Canadian Grand Prix,Street,Haas,20,12.0,0.0,,14.0,88.7597580645161,9.634487658858898,13.903758064516111,4,,"WET,INTERMEDIATE,MEDIUM",-1.3636363636363633
2024,HUL,9,Canadian Grand Prix,Street,Haas,27,11.0,0.0,,19.0,89.75651562500002,10.522478193519117,14.900515625000025,3,,"WET,INTERMEDIATE,MEDIUM",-0.625
2024,TSU,9,Canadian Grand Prix,Street,RB,22,14.0,0.0,,8.0,91.25466176470589,11.894184615181018,16.398661764705892,1,,"INTERMEDIATE,MEDIUM",0.8333333333333339
2024,RIC,9,Canadian Grand Prix,Street,RB,3,8.0,0.0,,5.0,90.05757575757576,11.260245357431478,15.201575757575768,2,,"INTERMEDIATE,MEDIUM",-5.388888888888889
2024,BOR,9,Canadian Grand Prix,Street,Sauber,5,,,,,,,,0,,,
2024,VER,10,Spanish Grand Prix,Permanent,Red Bull,1,1.0,0.0,,2.0,79.63248387096775,1.1515560070793383,2.5174838709677516,2,,"SOFT,MEDIUM",-2.625
2024,PER,10,Spanish Grand Prix,Permanent,Red Bull,11,8.0,0.0,,8.0,80.21488333333333,1.6289481694334418,3.099883333333338,3,,"SOFT,MEDIUM",-1.625
2024,HAM,10,Spanish Grand Prix,Permanent,Mercedes,44,3.0,0.0,,3.0,79.90929032258065,1.1953996983943087,2.7942903225806504,2,,"SOFT,MEDIUM",-3.958333333333333
2024,RUS,10,Spanish Grand Prix,Permanent,Mercedes,63,4.0,0.0,,4.0,79.89064516129032,1.0044852053480366,2.7756451612903277,2,,"SOFT,MEDIUM,HARD",-2.75
2024,LEC,10,Spanish Grand Prix,Permanent,Ferrari,16,5.0,0.0,,5.0,79.96548387096773,1.3669217750404927,2.850483870967736,2,,"SOFT,MEDIUM",0.45833333333333304
2024,SAI,10,Spanish Grand Prix,Permanent,Ferrari,55,6.0,0.0,,6.0,80.08772580645162,1.1661618025878369,2.9727258064516207,2,,"SOFT,MEDIUM,HARD",0.3043478260869561
2024,NOR,10,Spanish Grand Prix,Permanent,McLaren,4,2.0,0.0,,1.0,79.66896774193549,1.3744099773457723,2.5539677419354945,2,,"SOFT,MEDIUM",-2.291666666666667
2024,PIA,10,Spanish Grand Prix,Permanent,McLaren,81,7.0,0.0,,10.0,80.09554838709676,1.5686775539007713,2.9805483870967606,2,,"SOFT,MEDIUM",1.875
2024,ALO,10,Spanish Grand Prix,Permanent,Aston Martin,14,12.0,1.0,Lapped,11.0,81.03863934426231,1.6612321233829912,3.9236393442623125,2,,"SOFT,MEDIUM,HARD",1.833333333333334
2024,STR,10,Spanish Grand Prix,Permanent,Aston Martin,18,14.0,1.0,Lapped,14.0,81.20167213114756,1.4854278364757574,4.086672131147566,2,,"SOFT,MEDIUM,HARD",0.625
2024,OCO,10,Spanish Grand Prix,Permanent,Alpine,31,10.0,0.0,,9.0,80.70730645161291,1.3199510247833228,3.592306451612913,2,,"SOFT,MEDIUM,HARD",-3.695652173913043
2024,GAS,10,Spanish Grand Prix,Permanent,Alpine,10,9.0,0.0,,7.0,80.49908064516131,1.1851919717004433,3.384080645161319,2,,"SOFT,MEDIUM,HARD",-3.875
2024,ALB,10,Spanish Grand Prix,Permanent,Williams,23,18.0,1.0,Lapped,19.0,81.56755000000001,1.5684166087091078,4.452550000000016,3,,"MEDIUM,SOFT",3.458333333333334
2024,SAR,10,Spanish Grand Prix,Permanent,Williams,2,20.0,1.0,Lapped,20.0,82.21125000000002,1.6114292279773454,5.096250000000026,2,,"SOFT,MEDIUM,HARD",2.8571428571428577
2024,BOT,10,Spanish Grand Prix,Permanent,Sauber,77,16.0,1.0,Lapped,12.0,81.70144262295081,1.4630607019144282,4.586442622950813,2,,"SOFT,HARD",0.16666666666666607
2024,ZHO,10,Spanish Grand Prix,Permanent,Sauber,24,13.0,1.0,Lapped,15.0,81.04845901639345,1.722404961807478,3.9334590163934564,2,,"SOFT,MEDIUM,HARD",-2.5
2024,MAG,10,Spanish Grand Prix,Permanent,Haas,20,17.0,1.0,Lapped,16.0,81.56609836065573,1.446318679785774,4.451098360655735,2,,"SOFT,MEDIUM,HARD",3.6363636363636367
2024,HUL,10,Spanish Grand Prix,Permanent,Haas,27,11.0,0.0,,13.0,80.68667741935484,1.3752323651551694,3.5716774193548417,2,,"SOFT,MEDIUM,HARD",-0.625
2024,TSU,10,Spanish Grand Prix,Permanent,RB,22,19.0,1.0,Lapped,17.0,81.46559322033899,1.7559296203656296,4.350593220338993,3,,"SOFT,MEDIUM,HARD",5.833333333333334
2024,RIC,10,Spanish Grand Prix,Permanent,RB,3,15.0,1.0,Lapped,18.0,81.5040655737705,1.6825003602659596,4.389065573770509,2,,"SOFT,MEDIUM,HARD",1.6111111111111107
2024,BOR,10,Spanish Grand Prix,Permanent,Sauber,5,,,,,,,,0,,,
2024,VER,11,Austrian Grand Prix,Permanent,Red Bull,1,5.0,0.0,,1.0,70.3205076923077,1.9109417763490733,2.6265076923076975,3,,"MEDIUM,HARD,SOFT",1.375
2024,PER,11,Austrian Grand Prix,Permanent,Red Bull,11,7.0,0.0,,8.0,71.39013432835822,1.9067281185439449,3.6961343283582124,2,,"MEDIUM,HARD",-2.625
2024,HAM,11,Austrian Grand Prix,Permanent,Mercedes,44,4.0,0.0,,5.0,70.97173134328358,1.559560462380633,3.277731343283577,2,,"MEDIUM,HARD",-2.958333333333333
2024,RUS,11,Austrian Grand Prix,Permanent,Mercedes,63,1.0,0.0,,3.0,70.73314925373136,2.1676094796281173,3.0391492537313525,2,,"MEDIUM,HARD",-5.75
2024,LEC,11,Austrian Grand Prix,Permanent,Ferrari,16,11.0,0.0,,6.0,70.8253492063492,2.125605038409976,3.131349206349199,4,,"MEDIUM,HARD",6.458333333333333
2024,SAI,11,Austrian Grand Prix,Permanent,Ferrari,55,3.0,0.0,,4.0,70.81364179104477,2.246260209848418,3.1196417910447707,2,,"MEDIUM,HARD",-2.695652173913044
2024,NOR,11,Austrian Grand Prix,Permanent,McLaren,4,20.0,1.0,Lapped,2.0,70.29093220338983,0.8747310495903722,2.5969322033898266,2,,"MEDIUM,HARD",15.708333333333332
2024,PIA,11,Austrian Grand Prix,Permanent,McLaren,81,2.0,0.0,,7.0,70.8063582089552,2.3121105909739077,3.1123582089552,2,,"MEDIUM,HARD",-3.125
2024,ALO,11,Austrian Grand Prix,Permanent,Aston Martin,14,18.0,1.0,Lapped,15.0,71.9115625,2.473794398528397,4.2175625,3,,"MEDIUM,HARD,SOFT",7.833333333333334
2024,STR,11,Austrian Grand Prix,Permanent,Aston Martin,18,13.0,1.0,Lapped,17.0,71.9122575757576,2.386074280297152,4.21825757575759,2,,"MEDIUM,HARD",-0.375
2024,OCO,11,Austrian Grand Prix,Permanent,Alpine,31,12.0,0.0,,10.0,71.70808955223879,2.277155793311122,4.0140895522387865,2,,"MEDIUM,HARD",-1.695652173913043
2024,GAS,11,Austrian Grand Prix,Permanent,Alpine,10,10.0,0.0,,13.0,71.6166119402985,2.1972620011444817,3.922611940298495,2,,"MEDIUM,HARD",-2.875
2024,ALB,11,Austrian Grand Prix,Permanent,Williams,23,15.0,1.0,Lapped,16.0,71.89216666666667,2.3587803927084097,4.1981666666666655,2,,"MEDIUM,HARD",0.4583333333333339
2024,SAR,11,Austrian Grand Prix,Permanent,Williams,2,19.0,1.0,Lapped,19.0,72.28007936507935,2.1579062530205975,4.5860793650793426,3,,"MEDIUM,HARD",1.8571428571428577
2024,BOT,11,Austrian Grand Prix,Permanent,Sauber,77,16.0,1.0,Lapped,18.0,72.01448484848486,2.3526238788109586,4.320484848484853,2,,"MEDIUM,HARD",0.16666666666666607
2024,ZHO,11,Austrian Grand Prix,Permanent,Sauber,24,17.0,1.0,Lapped,20.0,72.19153846153844,1.7533783201733295,4.49753846153844,3,,"HARD,MEDIUM",1.5
2024,MAG,11,Austrian Grand Prix,Permanent,Haas,20,8.0,0.0,,12.0,71.61117910447761,2.1018000432917026,3.9171791044776114,2,,"MEDIUM,HARD",-5.363636363636363
2024,HUL,11,Austrian Grand Prix,Permanent,Haas,27,6.0,0.0,,9.0,71.48986567164181,1.9301046360042042,3.795865671641806,2,,"MEDIUM,HARD",-5.625
2024,TSU,11,Austrian Grand Prix,Permanent,RB,22,14.0,1.0,Lapped,14.0,71.88995454545454,2.3147266888459956,4.195954545454541,2,,"MEDIUM,HARD",0.8333333333333339
2024,RIC,11,Austrian Grand Prix,Permanent,RB,3,9.0,0.0,,11.0,71.61907462686568,2.176085088531298,3.9250746268656798,2,,"MEDIUM,HARD",-4.388888888888889
2024,BOR,11,Austrian Grand Prix,Permanent,Sauber,5,,,,,,,,0,,,
2024,VER,12,British Grand Prix,Permanent,Red Bull,1,2.0,0.0,,4.0,94.033125,4.787232628498609,5.740124999999992,2,,"MEDIUM,INTERMEDIATE,HARD",-1.625
2024,PER,12,British Grand Prix,Permanent,Red Bull,11,17.0,1.0,Lapped,19.0,96.80021951219511,6.494350504523895,8.507219512195107,5,,"HARD,INTERMEDIATE,MEDIUM,SOFT",7.375
2024,HAM,12,British Grand Prix,Permanent,Mercedes,44,1.0,0.0,,2.0,93.88335416666666,4.719438293702693,5.590354166666657,2,,"MEDIUM,INTERMEDIATE,SOFT",-5.958333333333333
2024,RUS,12,British Grand Prix,Permanent,Mercedes,63,19.0,1.0,Retired,1.0,94.44720000000001,4.235380236970953,6.154200000000003,1,,"MEDIUM,INTERMEDIATE",12.25
2024,LEC,12,British Grand Prix,Permanent,Ferrari,16,14.0,1.0,Lapped,11.0,95.91504444444446,6.236358570933245,7.622044444444455,3,,"MEDIUM,INTERMEDIATE,SOFT",9.458333333333332
2024,SAI,12,British Grand Prix,Permanent,Ferrari,55,5.0,0.0,,7.0,94.66732608695652,4.913351474658268,6.374326086956515,3,,"MEDIUM,INTERMEDIATE,HARD,SOFT",-0.6956521739130439
2024,NOR,12,British Grand Prix,Permanent,McLaren,4,3.0,0.0,,3.0,94.11039583333333,4.579101973371577,5.817395833333322,2,,"MEDIUM,INTERMEDIATE,SOFT",-1.291666666666667
2024,PIA,12,British Grand Prix,Permanent,McLaren,81,4.0,0.0,,5.0,94.03258333333333,5.2720142859447625,5.739583333333329,2,,"MEDIUM,INTERMEDIATE",-1.125
2024,ALO,12,British Grand Prix,Permanent,Aston Martin,14,8.0,0.0,,10.0,94.99537500000001,5.151052326384284,6.7023750000000035,2,,"MEDIUM,INTERMEDIATE",-2.166666666666666
2024,STR,12,British Grand Prix,Permanent,Aston Martin,18,7.0,0.0,,8.0,95.15504166666666,5.246715754735805,6.862041666666656,2,,"MEDIUM,INTERMEDIATE",-6.375
2024,OCO,12,British Grand Prix,Permanent,Alpine,31,16.0,1.0,Lapped,18.0,96.64345238095238,4.954347818084149,8.350452380952376,4,,"SOFT,INTERMEDIATE,MEDIUM",2.304347826086957
2024,GAS,12,British Grand Prix,Permanent,Alpine,10,20.0,1.0,Did not start,20.0,,,,0,,MEDIUM,7.125
2024,ALB,12,British Grand Prix,Permanent,Williams,23,9.0,0.0,,9.0,95.07733333333333,5.167284217497347,6.784333333333322,2,,"MEDIUM,INTERMEDIATE",-5.541666666666666
2024,SAR,12,British Grand Prix,Permanent,Williams,2,11.0,0.0,,12.0,95.4734375,5.196567586095816,7.1804374999999965,2,,"MEDIUM,INTERMEDIATE,SOFT",-6.142857142857142
2024,BOT,12,British Grand Prix,Permanent,Sauber,77,15.0,1.0,Lapped,16.0,96.32691489361702,4.779245614610465,8.033914893617009,2,,"MEDIUM,INTERMEDIATE,SOFT",-0.8333333333333339
2024,ZHO,12,British Grand Prix,Permanent,Sauber,24,18.0,1.0,Lapped,14.0,97.66709523809524,6.273229777743441,9.374095238095236,4,,"SOFT,MEDIUM,INTERMEDIATE",2.5
2024,MAG,12,British Grand Prix,Permanent,Haas,20,12.0,0.0,,17.0,95.30456249999999,5.126677825641624,7.011562499999982,2,,"MEDIUM,INTERMEDIATE,SOFT",-1.3636363636363633
2024,HUL,12,British Grand Prix,Permanent,Haas,27,6.0,0.0,,6.0,95.11035416666665,5.018676889675306,6.817354166666647,2,,"MEDIUM,INTERMEDIATE,SOFT",-5.625
2024,TSU,12,British Grand Prix,Permanent,RB,22,10.0,0.0,,13.0,95.3641875,4.952314398366279,7.0711874999999935,2,,"MEDIUM,INTERMEDIATE,SOFT",-3.166666666666666
2024,RIC,12,British Grand Prix,Permanent,RB,3,13.0,1.0,Lapped,15.0,95.86348936170215,4.91800657686646,7.570489361702144,2,,"MEDIUM,INTERMEDIATE,SOFT",-0.3888888888888893
2024,BOR,12,British Grand Prix,Permanent,Sauber,5,,,,,,,,0,,,
2024,VER,13,Hungarian Grand Prix,Permanent,Red Bull,1,5.0,0.0,,3.0,83.76916666666666,1.3254514538112119,3.4641666666666566,2,,"MEDIUM,HARD",1.375
2024,PER,13,Hungarian Grand Prix,Permanent,Red Bull,11,7.0,0.0,,16.0,84.02395454545454,2.296545234321918,3.7189545454545367,2,,"HARD,MEDIUM",-2.625
2024,HAM,13,Hungarian Grand Prix,Permanent,Mercedes,44,3.0,0.0,,5.0,83.64478787878787,1.1293907617710945,3.3397878787878597,2,,"MEDIUM,HARD",-3.958333333333333
2024,RUS,13,Hungarian Grand Prix,Permanent,Mercedes,63,8.0,0.0,,17.0,84.12209090909091,2.2424127714946325,3.8170909090909078,2,,"HARD,MEDIUM",1.25
2024,LEC,13,Hungarian Grand Prix,Permanent,Ferrari,16,4.0,0.0,,6.0,83.70665151515153,1.2542313550835,3.401651515151528,2,,"MEDIUM,HARD",-0.541666666666667
2024,SAI,13,Hungarian Grand Prix,Permanent,Ferrari,55,6.0,0.0,,4.0,83.75750000000001,1.4754849033453374,3.4525000000000006,2,,"MEDIUM,HARD",0.3043478260869561
2024,NOR,13,Hungarian Grand Prix,Permanent,McLaren,4,2.0,0.0,,1.0,83.49331818181817,1.2591602960103816,3.188318181818161,2,,"MEDIUM,HARD",-2.291666666666667
2024,PIA,13,Hungarian Grand Prix,Permanent,McLaren,81,1.0,0.0,,2.0,83.41481818181819,0.9951457861360493,3.1098181818181843,2,,"MEDIUM,HARD",-4.125
2024,ALO,13,Hungarian Grand Prix,Permanent,Aston Martin,14,11.0,0.0,,7.0,84.64913636363637,1.30372201952556,4.344136363636366,2,,"SOFT,MEDIUM,HARD",0.8333333333333339
2024,STR,13,Hungarian Grand Prix,Permanent,Aston Martin,18,10.0,0.0,,8.0,84.51284848484849,1.5029280165210248,4.207848484848483,2,,"SOFT,MEDIUM,HARD",-3.375
2024,OCO,13,Hungarian Grand Prix,Permanent,Alpine,31,18.0,1.0,Lapped,19.0,85.2235238095238,1.8418266516549657,4.918523809523791,3,,"MEDIUM,HARD,SOFT",4.304347826086957
2024,GAS,13,Hungarian Grand Prix,Permanent,Alpine,10,20.0,1.0,Retired,20.0,85.61596551724139,0.8739339417157105,5.310965517241385,2,,"HARD,MEDIUM",7.125
2024,ALB,13,Hungarian Grand Prix,Permanent,Williams,23,14.0,1.0,Lapped,13.0,85.18150769230769,1.4049722319662243,4.876507692307683,2,,"SOFT,HARD",-0.5416666666666661
2024,SAR,13,Hungarian Grand Prix,Permanent,Williams,2,17.0,1.0,Lapped,14.0,85.15363492063491,2.0216589507022267,4.8486349206349075,3,,"MEDIUM,HARD,SOFT",-0.14285714285714235
2024,BOT,13,Hungarian Grand Prix,Permanent,Sauber,77,16.0,1.0,Lapped,12.0,85.31536923076922,1.6393446915729664,5.010369230769214,2,,"MEDIUM,HARD",0.16666666666666607
2024,ZHO,13,Hungarian Grand Prix,Permanent,Sauber,24,19.0,1.0,Lapped,18.0,85.56847692307693,1.90199269770296,5.263476923076922,2,,"MEDIUM,HARD",3.5
2024,MAG,13,Hungarian Grand Prix,Permanent,Haas,20,15.0,1.0,Lapped,15.0,85.31209230769232,1.546458663397168,5.007092307692318,2,,"SOFT,HARD",1.6363636363636367
2024,HUL,13,Hungarian Grand Prix,Permanent,Haas,27,13.0,1.0,Lapped,11.0,85.14507692307693,1.777275735744284,4.840076923076921,2,,"MEDIUM,HARD",1.375
2024,TSU,13,Hungarian Grand Prix,Permanent,RB,22,9.0,0.0,,10.0,84.8442205882353,1.5119488545166722,4.539220588235295,1,,"MEDIUM,HARD",-4.166666666666666
2024,RIC,13,Hungarian Grand Prix,Permanent,RB,3,12.0,1.0,Lapped,9.0,84.96107692307692,1.6522268146702443,4.65607692307691,2,,"MEDIUM,HARD",-1.3888888888888893
2024,BOR,13,Hungarian Grand Prix,Permanent,Sauber,5,,,,,,,,0,,,
2024,VER,14,Belgian Grand Prix,Permanent,Red Bull,1,4.0,0.0,,1.0,108.40767500000001,1.8960796990105668,3.7066750000000184,2,,"MEDIUM,HARD",0.375
2024,PER,14,Belgian Grand Prix,Permanent,Red Bull,11,7.0,0.0,,3.0,108.65223684210525,1.368835951204043,3.95123684210526,3,,"MEDIUM,HARD,SOFT",-2.625
2024,HAM,14,Belgian Grand Prix,Permanent,Mercedes,44,1.0,0.0,,4.0,108.127475,1.2430952474491923,3.4264750000000106,2,,"MEDIUM,HARD",-5.958333333333333
2024,RUS,14,Belgian Grand Prix,Permanent,Mercedes,63,20.0,1.0,Disqualified,7.0,108.56980952380954,1.4095691823770433,3.8688095238095457,1,,"MEDIUM,HARD",13.25
2024,LEC,14,Belgian Grand Prix,Permanent,Ferrari,16,3.0,0.0,,2.0,108.362525,1.2461194943627083,3.6615250000000117,2,,"MEDIUM,HARD",-1.541666666666667
2024,SAI,14,Belgian Grand Prix,Permanent,Ferrari,55,6.0,0.0,,8.0,108.657825,1.7000913533146933,3.956825000000009,2,,"HARD,MEDIUM",0.3043478260869561
2024,NOR,14,Belgian Grand Prix,Permanent,McLaren,4,5.0,0.0,,5.0,108.47894999999998,1.8327426267475297,3.77794999999999,2,,"MEDIUM,HARD",0.708333333333333
2024,PIA,14,Belgian Grand Prix,Permanent,McLaren,81,2.0,0.0,,6.0,108.191925,1.652343128633877,3.4909250000000043,2,,"MEDIUM,HARD",-3.125
2024,ALO,14,Belgian Grand Prix,Permanent,Aston Martin,14,8.0,0.0,,9.0,109.7227619047619,1.4657837295890521,5.021761904761902,1,,MEDIUM,-2.166666666666666
2024,STR,14,Belgian Grand Prix,Permanent,Aston Martin,18,11.0,0.0,,15.0,110.00602380952378,1.7798056140515797,5.305023809523789,1,,MEDIUM,-2.375
2024,OCO,14,Belgian Grand Prix,Permanent,Alpine,31,9.0,0.0,,10.0,109.38267499999999,1.925412901271988,4.6816749999999985,2,,"MEDIUM,HARD",-4.695652173913043
2024,GAS,14,Belgian Grand Prix,Permanent,Alpine,10,13.0,0.0,,12.0,109.60785000000001,1.8393702176114244,4.90685000000002,2,,"MEDIUM,HARD",0.125
2024,ALB,14,Belgian Grand Prix,Permanent,Williams,23,12.0,0.0,,11.0,109.616925,1.5556659450834256,4.915925000000001,2,,"MEDIUM,HARD",-2.541666666666666
2024,SAR,14,Belgian Grand Prix,Permanent,Williams,2,17.0,0.0,,19.0,110.10052499999999,2.403410728020515,5.399524999999997,2,,"MEDIUM,HARD",-0.14285714285714235
2024,BOT,14,Belgian Grand Prix,Permanent,Sauber,77,15.0,0.0,,14.0,109.85012499999998,1.8659669685083125,5.149124999999984,2,,"MEDIUM,HARD",-0.8333333333333339
2024,ZHO,14,Belgian Grand Prix,Permanent,Sauber,24,19.0,1.0,Retired,20.0,115.19866666666667,5.13076079478797,10.497666666666674,0,,HARD,3.5
2024,MAG,14,Belgian Grand Prix,Permanent,Haas,20,14.0,0.0,,17.0,110.11269047619047,2.0691530196994803,5.411690476190472,1,,"MEDIUM,HARD",0.6363636363636367
2024,HUL,14,Belgian Grand Prix,Permanent,Haas,27,18.0,0.0,,16.0,110.17204999999998,1.781405293005699,5.471049999999991,2,,"MEDIUM,HARD",6.375
2024,TSU,14,Belgian Grand Prix,Permanent,RB,22,16.0,0.0,,18.0,110.29830952380954,2.1671830934175573,5.5973095238095425,1,,"MEDIUM,SOFT",2.833333333333334
2024,RIC,14,Belgian Grand Prix,Permanent,RB,3,10.0,0.0,,13.0,109.3625,1.9735046270076266,4.661500000000004,2,,"SOFT,MEDIUM",-3.3888888888888893
2024,BOR,14,Belgian Grand Prix,Permanent,Sauber,5,,,,,,,,0,,,
2024,VER,15,Dutch Grand Prix,Permanent,Red Bull,1,2.0,0.0,,2.0,75.62787142857142,0.8217261069383252,1.8108714285714314,1,,"MEDIUM,HARD",-1.625
2024,PER,15,Dutch Grand Prix,Permanent,Red Bull,11,6.0,0.0,,5.0,75.83344285714286,1.263910639793423,2.016442857142863,1,,"MEDIUM,HARD",-3.625
2024,HAM,15,Dutch Grand Prix,Permanent,Mercedes,44,8.0,0.0,,11.0,75.7104411764706,1.849578260781848,1.8934411764706027,2,,"SOFT,HARD",1.041666666666667
2024,RUS,15,Dutch Grand Prix,Permanent,Mercedes,63,7.0,0.0,,4.0,75.62995588235296,1.195289578775394,1.8129558823529663,2,,"MEDIUM,HARD,SOFT",0.25
2024,LEC,15,Dutch Grand Prix,Permanent,Ferrari,16,3.0,0.0,,6.0,75.68245714285716,1.1648375975093817,1.8654571428571671,1,,"MEDIUM,HARD",-1.541666666666667
2024,SAI,15,Dutch Grand Prix,Permanent,Ferrari,55,5.0,0.0,,10.0,75.75807142857144,1.4869603887537044,1.9410714285714477,1,,"MEDIUM,HARD",-0.6956521739130439
2024,NOR,15,Dutch Grand Prix,Permanent,McLaren,4,1.0,0.0,,1.0,75.30182857142859,0.9886334437638477,1.4848285714285936,1,,"MEDIUM,HARD",-3.291666666666667
2024,PIA,15,Dutch Grand Prix,Permanent,McLaren,81,4.0,0.0,,3.0,75.69701428571429,1.1775602448400437,1.8800142857142959,1,,"MEDIUM,HARD",-1.125
2024,ALO,15,Dutch Grand Prix,Permanent,Aston Martin,14,10.0,1.0,Lapped,7.0,76.5401304347826,1.3695533719497486,2.723130434782604,1,,"MEDIUM,HARD",-0.16666666666666607
2024,STR,15,Dutch Grand Prix,Permanent,Aston Martin,18,13.0,1.0,Lapped,8.0,76.67434782608696,1.4210222276078235,2.857347826086965,1,,"MEDIUM,HARD",-0.375
2024,OCO,15,Dutch Grand Prix,Permanent,Alpine,31,15.0,1.0,Lapped,16.0,77.03814492753621,1.7127442228204341,3.2211449275362156,1,,"MEDIUM,HARD",1.304347826086957
2024,GAS,15,Dutch Grand Prix,Permanent,Alpine,10,9.0,1.0,Lapped,9.0,76.46601449275362,1.3936691574312416,2.649014492753622,1,,"MEDIUM,HARD",-3.875
2024,ALB,15,Dutch Grand Prix,Permanent,Williams,23,14.0,1.0,Lapped,10.0,76.6581641791045,1.8387171878457111,2.84116417910451,2,,"MEDIUM,HARD",-0.5416666666666661
2024,SAR,15,Dutch Grand Prix,Permanent,Williams,2,16.0,1.0,Lapped,20.0,77.25342028985509,1.689203096187816,3.436420289855093,1,,"MEDIUM,HARD",-1.1428571428571423
2024,BOT,15,Dutch Grand Prix,Permanent,Sauber,77,19.0,1.0,Lapped,17.0,77.17040909090908,1.459415362157292,3.353409090909082,2,,"SOFT,HARD,MEDIUM",3.166666666666666
2024,ZHO,15,Dutch Grand Prix,Permanent,Sauber,24,20.0,1.0,Lapped,18.0,77.60549999999999,1.8523732656742304,3.788499999999999,2,,"MEDIUM,HARD,SOFT",4.5
2024,MAG,15,Dutch Grand Prix,Permanent,Haas,20,18.0,1.0,Lapped,14.0,77.07835294117646,1.1640001636752448,3.261352941176469,2,,"HARD,MEDIUM",4.636363636363637
2024,HUL,15,Dutch Grand Prix,Permanent,Haas,27,11.0,1.0,Lapped,13.0,76.64042028985506,1.3449289223051362,2.823420289855065,1,,"MEDIUM,HARD",-0.625
2024,TSU,15,Dutch Grand Prix,Permanent,RB,22,17.0,1.0,Lapped,12.0,76.98314925373136,1.4237638152545606,3.166149253731362,2,,"SOFT,MEDIUM,HARD",3.833333333333334
2024,RIC,15,Dutch Grand Prix,Permanent,RB,3,12.0,1.0,Lapped,15.0,76.65276811594204,1.6543181565485239,2.835768115942045,1,,"MEDIUM,HARD",-1.3888888888888893
2024,BOR,15,Dutch Grand Prix,Permanent,Sauber,5,,,,,,,,0,,,
2024,VER,16,Italian Grand Prix,Permanent,Red Bull,1,6.0,0.0,,7.0,84.25151020408164,1.422337162947675,2.819510204081638,2,,"HARD,MEDIUM",2.375
2024,PER,16,Italian Grand Prix,Permanent,Red Bull,11,8.0,0.0,,8.0,84.64612244897958,1.4365165278178589,3.2141224489795803,2,,"HARD,MEDIUM",-1.625
2024,HAM,16,Italian Grand Prix,Permanent,Mercedes,44,5.0,0.0,,6.0,84.01516326530613,1.4326043351611255,2.5831632653061263,2,,"MEDIUM,HARD",-1.958333333333333
2024,RUS,16,Italian Grand Prix,Permanent,Mercedes,63,7.0,0.0,,3.0,84.13730612244898,1.5840302922724472,2.705306122448974,2,,"MEDIUM,HARD",0.25
2024,LEC,16,Italian Grand Prix,Permanent,Ferrari,16,1.0,0.0,,4.0,84.03229411764706,0.859673875236828,2.600294117647053,1,,"MEDIUM,HARD",-3.541666666666667
2024,SAI,16,Italian Grand Prix,Permanent,Ferrari,55,4.0,0.0,,5.0,84.33625490196079,1.0548300307279315,2.9042549019607833,1,,"MEDIUM,HARD",-1.695652173913044
2024,NOR,16,Italian Grand Prix,Permanent,McLaren,4,3.0,0.0,,1.0,83.71706122448981,1.2865298676440187,2.2850612244898088,2,,"MEDIUM,HARD",-1.291666666666667
2024,PIA,16,Italian Grand Prix,Permanent,McLaren,81,2.0,0.0,,2.0,83.62528571428572,1.107343141638279,2.1932857142857216,2,,"MEDIUM,HARD",-3.125
2024,ALO,16,Italian Grand Prix,Permanent,Aston Martin,14,11.0,0.0,,11.0,84.89667346938775,1.5005464891686835,3.4646734693877477,2,,"MEDIUM,HARD",0.8333333333333339
2024,STR,16,Italian Grand Prix,Permanent,Aston Martin,18,19.0,1.0,Lapped,17.0,85.49943478260869,1.9780275658361617,4.067434782608686,3,,"HARD,MEDIUM,SOFT",5.625
2024,OCO,16,Italian Grand Prix,Permanent,Alpine,31,14.0,1.0,Lapped,15.0,85.95837999999999,1.5931168640275517,4.526379999999989,1,,"HARD,MEDIUM",0.304347826086957
2024,GAS,16,Italian Grand Prix,Permanent,Alpine,10,15.0,1.0,Lapped,14.0,85.522875,1.6395177368892566,4.090874999999997,2,,"MEDIUM,HARD",2.125
2024,ALB,16,Italian Grand Prix,Permanent,Williams,23,9.0,0.0,,9.0,85.30811764705882,1.217429696484504,3.8761176470588197,1,,"MEDIUM,HARD",-5.541666666666666
2024,SAR,16,Italian Grand Prix,Permanent,Williams,2,,,,,,,,0,,,
2024,BOT,16,Italian Grand Prix,Permanent,Sauber,77,16.0,1.0,Lapped,19.0,86.23104000000001,1.827361999144769,4.799040000000005,1,,"HARD,MEDIUM",0.16666666666666607
2024,ZHO,16,Italian Grand Prix,Permanent,Sauber,24,18.0,1.0,Lapped,20.0,86.39211999999999,1.713480675736511,4.960119999999989,1,,"MEDIUM,HARD",2.5
2024,MAG,16,Italian Grand Prix,Permanent,Haas,20,10.0,0.0,,13.0,85.13849019607844,1.541043339722138,3.706490196078434,1,,"MEDIUM,HARD",-3.3636363636363633
2024,HUL,16,Italian Grand Prix,Permanent,Haas,27,17.0,1.0,Lapped,10.0,85.27568749999999,1.8673908314242196,3.8436874999999873,2,,"MEDIUM,HARD",5.375
2024,TSU,16,Italian Grand Prix,Permanent,RB,22,20.0,1.0,Retired,16.0,89.39166666666665,3.5826663627341397,7.959666666666649,0,,HARD,6.833333333333334
2024,RIC,16,Italian Grand Prix,Permanent,RB,3,13.0,0.0,,12.0,85.39272549019607,1.257290293900838,3.9607254901960687,1,,"MEDIUM,HARD",-0.3888888888888893
2024,BOR,16,Italian Grand Prix,Permanent,Sauber,5,,,,,,,,0,,,
2024,VER,17,Azerbaijan Grand Prix,Street,Red Bull,1,5.0,0.0,,6.0,108.50158695652175,1.360909917438197,3.246586956521753,2,,"MEDIUM,HARD,SOFT",1.375
2024,PER,17,Azerbaijan Grand Prix,Street,Red Bull,11,17.0,1.0,Retired,4.0,108.14757446808512,1.0571270900659688,2.8925744680851295,1,,"MEDIUM,HARD",7.375
2024,HAM,17,Azerbaijan Grand Prix,Street,Mercedes,44,9.0,0.0,,7.0,109.55070212765959,4.915519393649384,4.295702127659595,2,,"MEDIUM,HARD",2.041666666666667
2024,RUS,17,Azerbaijan Grand Prix,Street,Mercedes,63,3.0,0.0,,5.0,108.70097916666664,2.6653578937329216,3.445979166666646,1,,"MEDIUM,HARD",-3.75
2024,LEC,17,Azerbaijan Grand Prix,Street,Ferrari,16,2.0,0.0,,1.0,108.20785416666666,1.07204953818501,2.9528541666666683,1,,"MEDIUM,HARD",-2.541666666666667
2024,SAI,17,Azerbaijan Grand Prix,Street,Ferrari,55,18.0,1.0,Retired,3.0,108.13751063829788,1.2587142486152187,2.8825106382978873,1,,"MEDIUM,HARD",12.304347826086957
2024,NOR,17,Azerbaijan Grand Prix,Street,McLaren,4,4.0,0.0,,16.0,108.92589583333331,3.5361201977235193,3.6708958333333186,1,,"HARD,MEDIUM",-0.29166666666666696
2024,PIA,17,Azerbaijan Grand Prix,Street,McLaren,81,1.0,0.0,,2.0,108.08143749999999,0.9210485908186045,2.8264374999999973,1,,"MEDIUM,HARD",-4.125
2024,ALO,17,Azerbaijan Grand Prix,Street,Aston Martin,14,6.0,0.0,,8.0,109.83662500000001,5.993245838956569,4.581625000000017,1,,"MEDIUM,HARD",-4.166666666666666
2024,STR,17,Azerbaijan Grand Prix,Street,Aston Martin,18,19.0,1.0,Retired,14.0,109.4663,0.8449321684199089,4.2113000000000085,2,,"MEDIUM,HARD",5.625
2024,OCO,17,Azerbaijan Grand Prix,Street,Alpine,31,15.0,1.0,Lapped,19.0,110.44857446808508,1.38593968663363,5.193574468085089,2,,"HARD,SOFT",1.304347826086957
2024,GAS,17,Azerbaijan Grand Prix,Street,Alpine,10,12.0,0.0,,15.0,109.89279591836736,2.349358006097905,4.63779591836736,1,,"HARD,SOFT",-0.875
2024,ALB,17,Azerbaijan Grand Prix,Street,Williams,23,7.0,0.0,,10.0,109.8809375,6.036443667006824,4.625937500000006,1,,"HARD,MEDIUM",-7.541666666666666
2024,SAR,17,Azerbaijan Grand Prix,Street,Williams,2,,,,,,,,0,,,
2024,BOT,17,Azerbaijan Grand Prix,Street,Sauber,77,16.0,1.0,Lapped,17.0,110.77404255319145,3.594617824261389,5.519042553191454,1,,"MEDIUM,HARD",0.16666666666666607
2024,ZHO,17,Azerbaijan Grand Prix,Street,Sauber,24,14.0,0.0,,18.0,110.2726595744681,2.7443785015649693,5.017659574468098,1,,"HARD,MEDIUM",-1.5
2024,MAG,17,Azerbaijan Grand Prix,Street,Haas,20,,,,,,,,0,,,
2024,HUL,17,Azerbaijan Grand Prix,Street,Haas,27,11.0,0.0,,13.0,109.963375,5.710064968237169,4.708375000000004,1,,"MEDIUM,HARD",-0.625
2024,TSU,17,Azerbaijan Grand Prix,Street,RB,22,20.0,1.0,Retired,12.0,113.04618181818181,3.6822936281122884,7.791181818181812,1,,"MEDIUM,HARD",6.833333333333334
2024,RIC,17,Azerbaijan Grand Prix,Street,RB,3,13.0,0.0,,15.0,110.2016875,2.4009852955875552,4.94668750000001,1,,"HARD,SOFT",-0.3888888888888893
2024,BOR,17,Azerbaijan Grand Prix,Street,Sauber,5,,,,,,,,0,,,
2024,VER,18,Singapore Grand Prix,Street,Red Bull,1,2.0,0.0,,2.0,97.44423333333332,0.9645348464708242,2.958233333333311,1,,"MEDIUM,HARD",-1.625
2024,PER,18,Singapore Grand Prix,Street,Red Bull,11,10.0,1.0,Lapped,13.0,98.85662711864407,1.4394828441361314,4.370627118644066,1,,"MEDIUM,HARD",0.375
2024,HAM,18,Singapore Grand Prix,Street,Mercedes,44,6.0,0.0,,3.0,98.53748333333333,0.8746653111317352,4.051483333333323,1,,"SOFT,HARD",-0.958333333333333
2024,RUS,18,Singapore Grand Prix,Street,Mercedes,63,4.0,0.0,,4.0,98.16078333333333,0.9661387080059184,3.6747833333333233,1,,"MEDIUM,HARD",-2.75
2024,LEC,18,Singapore Grand Prix,Street,Ferrari,16,5.0,0.0,,9.0,98.17914999999999,1.7730640320824311,3.6931499999999886,1,,"MEDIUM,HARD",0.45833333333333304
2024,SAI,18,Singapore Grand Prix,Street,Ferrari,55,7.0,0.0,,10.0,98.74285,1.5651399658534906,4.25685,1,,"MEDIUM,HARD",1.304347826086956
2024,NOR,18,Singapore Grand Prix,Street,McLaren,4,1.0,0.0,,1.0,97.11816666666667,1.0175467368047144,2.632166666666663,1,,"MEDIUM,HARD",-3.291666666666667
2024,PIA,18,Singapore Grand Prix,Street,McLaren,81,3.0,0.0,,5.0,97.84079999999999,1.374325113881016,3.354799999999983,1,,"MEDIUM,HARD",-2.125
2024,ALO,18,Singapore Grand Prix,Street,Aston Martin,14,8.0,1.0,Lapped,7.0,98.74659322033898,1.1763291985671016,4.260593220338976,1,,"MEDIUM,HARD",-2.166666666666666
2024,STR,18,Singapore Grand Prix,Street,Aston Martin,18,14.0,1.0,Lapped,17.0,99.50698305084747,1.978454713010108,5.020983050847462,1,,"HARD,MEDIUM",0.625
2024,OCO,18,Singapore Grand Prix,Street,Alpine,31,13.0,1.0,Lapped,15.0,99.42213559322035,1.6302618835278266,4.936135593220342,1,,"MEDIUM,HARD",-0.695652173913043
2024,GAS,18,Singapore Grand Prix,Street,Alpine,10,17.0,1.0,Lapped,18.0,99.622406779661,2.211273514474253,5.136406779661002,1,,"MEDIUM,SOFT",4.125
2024,ALB,18,Singapore Grand Prix,Street,Williams,23,20.0,1.0,Retired,11.0,100.22775,3.4423536906916152,5.741749999999996,1,,"MEDIUM,HARD",5.458333333333334
2024,SAR,18,Singapore Grand Prix,Street,Williams,2,,,,,,,,0,,,
2024,BOT,18,Singapore Grand Prix,Street,Sauber,77,16.0,1.0,Lapped,19.0,99.69806779661016,2.1490187886440326,5.212067796610157,1,,"HARD,MEDIUM",0.16666666666666607
2024,ZHO,18,Singapore Grand Prix,Street,Sauber,24,15.0,1.0,Lapped,20.0,99.68393220338983,2.1962718400335537,5.197932203389826,1,,"HARD,MEDIUM",-0.5
2024,MAG,18,Singapore Grand Prix,Street,Haas,20,19.0,1.0,Retired,14.0,99.39553846153844,1.9474492664895098,4.909538461538432,2,,"HARD,MEDIUM,SOFT",5.636363636363637
2024,HUL,18,Singapore Grand Prix,Street,Haas,27,9.0,1.0,Lapped,6.0,98.73762711864407,1.175071133551953,4.251627118644066,1,,"MEDIUM,HARD",-2.625
2024,TSU,18,Singapore Grand Prix,Street,RB,22,12.0,1.0,Lapped,8.0,98.85249152542372,1.804343345765905,4.3664915254237116,1,,"MEDIUM,SOFT",-1.166666666666666
2024,RIC,18,Singapore Grand Prix,Street,RB,3,18.0,1.0,Lapped,16.0,99.27892727272724,2.191712250092467,4.7929272727272405,3,,"SOFT,MEDIUM",4.611111111111111
2024,BOR,18,Singapore Grand Prix,Street,Sauber,5,,,,,,,,0,,,
2024,VER,19,United States Grand Prix,Permanent,Red Bull,1,3.0,0.0,,2.0,99.79990384615385,3.3514850688976288,2.469903846153855,1,,"MEDIUM,HARD",-0.625
2024,PER,19,United States Grand Prix,Permanent,Red Bull,11,7.0,0.0,,10.0,100.80653846153844,4.626140933831154,3.476538461538439,1,,"MEDIUM,HARD",-2.625
2024,HAM,19,United States Grand Prix,Permanent,Mercedes,44,20.0,1.0,Retired,19.0,108.064,,10.733999999999995,0,,HARD,13.041666666666668
2024,RUS,19,United States Grand Prix,Permanent,Mercedes,63,6.0,0.0,,6.0,101.52523076923079,8.366407685114591,4.19523076923079,2,,"HARD,MEDIUM",-0.75
2024,LEC,19,United States Grand Prix,Permanent,Ferrari,16,1.0,0.0,,4.0,99.42148076923078,3.376303597133274,2.0914807692307846,1,,"MEDIUM,HARD",-3.541666666666667
2024,SAI,19,United States Grand Prix,Permanent,Ferrari,55,2.0,0.0,,3.0,99.64017307692308,3.5180547416911296,2.3101730769230784,1,,"MEDIUM,HARD",-3.695652173913044
2024,NOR,19,United States Grand Prix,Permanent,McLaren,4,4.0,0.0,,1.0,99.75923076923078,3.6517768579434255,2.4292307692307844,1,,"MEDIUM,HARD",-0.29166666666666696
2024,PIA,19,United States Grand Prix,Permanent,McLaren,81,5.0,0.0,,5.0,100.88405660377359,7.77867212421022,3.5540566037735886,1,,"MEDIUM,HARD",-0.125
2024,ALO,19,United States Grand Prix,Permanent,Aston Martin,14,13.0,1.0,Lapped,8.0,102.57301923076923,8.15056661927925,5.243019230769235,1,,"MEDIUM,HARD",2.833333333333334
2024,STR,19,United States Grand Prix,Permanent,Aston Martin,18,15.0,1.0,Lapped,14.0,101.93482352941177,4.890650798026301,4.6048235294117745,1,,"HARD,MEDIUM",1.625
2024,OCO,19,United States Grand Prix,Permanent,Alpine,31,18.0,1.0,Lapped,13.0,102.90616000000001,8.164085965210491,5.576160000000016,2,,"MEDIUM,HARD,SOFT",4.304347826086957
2024,GAS,19,United States Grand Prix,Permanent,Alpine,10,12.0,0.0,,7.0,102.04018867924529,7.818618897459803,4.710188679245292,1,,"MEDIUM,HARD",-0.875
2024,ALB,19,United States Grand Prix,Permanent,Williams,23,16.0,1.0,Lapped,16.0,102.18907843137255,6.020406420975705,4.859078431372552,2,,"MEDIUM,HARD",1.458333333333334
2024,SAR,19,United States Grand Prix,Permanent,Williams,2,,,,,,,,0,,,
2024,BOT,19,United States Grand Prix,Permanent,Sauber,77,17.0,1.0,Lapped,18.0,103.25507692307693,8.144013251284902,5.925076923076929,1,,"MEDIUM,HARD",1.166666666666666
2024,ZHO,19,United States Grand Prix,Permanent,Sauber,24,19.0,1.0,Lapped,20.0,104.03413725490196,10.733633511573997,6.7041372549019655,2,,"MEDIUM,HARD",3.5
2024,MAG,19,United States Grand Prix,Permanent,Haas,20,11.0,0.0,,9.0,100.78352000000001,4.228305571951478,3.4535200000000117,2,,"MEDIUM,HARD",-2.3636363636363633
2024,HUL,19,United States Grand Prix,Permanent,Haas,27,8.0,0.0,,12.0,101.80254716981132,8.296398918914798,4.472547169811321,1,,"MEDIUM,HARD",-3.625
2024,TSU,19,United States Grand Prix,Permanent,RB,22,14.0,1.0,Lapped,11.0,101.57935294117647,4.74554619753524,4.249352941176468,1,,"MEDIUM,HARD",0.8333333333333339
2024,RIC,19,United States Grand Prix,Permanent,RB,3,,,,,,,,0,,,
2024,BOR,19,United States Grand Prix,Permanent,Sauber,5,,,,,,,,0,,,
2024,VER,20,Mexico City Grand Prix,Permanent,Red Bull,1,6.0,0.0,,2.0,85.62171014492752,13.270381196153298,7.285710144927521,1,,"MEDIUM,HARD",2.375
2024,PER,20,Mexico City Grand Prix,Permanent,Red Bull,11,17.0,1.0,Lapped,18.0,86.869890625,13.737086524958501,8.533890624999998,3,,"HARD,MEDIUM,SOFT",7.375
2024,HAM,20,Mexico City Grand Prix,Permanent,Mercedes,44,4.0,0.0,,6.0,85.6786086956522,13.289344629546802,7.342608695652203,1,,"MEDIUM,HARD",-2.958333333333333
2024,RUS,20,Mexico City Grand Prix,Permanent,Mercedes,63,5.0,0.0,,5.0,85.74204347826085,13.260038054948039,7.406043478260855,1,,"MEDIUM,HARD",-1.75
2024,LEC,20,Mexico City Grand Prix,Permanent,Ferrari,16,3.0,0.0,,4.0,85.36768656716418,13.58766902903863,7.031686567164186,2,,"MEDIUM,HARD,SOFT",-1.541666666666667
2024,SAI,20,Mexico City Grand Prix,Permanent,Ferrari,55,1.0,0.0,,1.0,85.08520289855073,13.405747837247791,6.749202898550735,1,,"MEDIUM,HARD",-4.695652173913044
2024,NOR,20,Mexico City Grand Prix,Permanent,McLaren,4,2.0,0.0,,3.0,85.13847826086956,13.428421241803317,6.802478260869563,1,,"MEDIUM,HARD",-2.291666666666667
2024,PIA,20,Mexico City Grand Prix,Permanent,McLaren,81,8.0,0.0,,17.0,86.02813043478261,13.75856021762991,7.692130434782612,1,,"MEDIUM,HARD",2.875
2024,ALO,20,Mexico City Grand Prix,Permanent,Aston Martin,14,18.0,1.0,Retired,13.0,102.70128571428572,23.667504120559553,24.36528571428572,0,,MEDIUM,7.833333333333334
2024,STR,20,Mexico City Grand Prix,Permanent,Aston Martin,18,11.0,1.0,Lapped,14.0,86.64632352941177,13.249654037095523,8.310323529411775,1,,"MEDIUM,HARD",-2.375
2024,OCO,20,Mexico City Grand Prix,Permanent,Alpine,31,13.0,1.0,Lapped,19.0,86.14168656716417,12.501187540206846,7.805686567164173,2,,"HARD,MEDIUM",-0.695652173913043
2024,GAS,20,Mexico City Grand Prix,Permanent,Alpine,10,10.0,1.0,Lapped,8.0,86.54107352941178,13.165879131034897,8.205073529411777,1,,"MEDIUM,HARD",-2.875
2024,ALB,20,Mexico City Grand Prix,Permanent,Williams,23,19.0,1.0,Retired,9.0,,,,0,,MEDIUM,4.458333333333334
2024,SAR,20,Mexico City Grand Prix,Permanent,Williams,2,,,,,,,,0,,,
2024,BOT,20,Mexico City Grand Prix,Permanent,Sauber,77,14.0,1.0,Lapped,15.0,86.91569117647059,13.441388102688098,8.57969117647059,1,,"HARD,MEDIUM",-1.833333333333334
2024,ZHO,20,Mexico City Grand Prix,Permanent,Sauber,24,15.0,1.0,Lapped,20.0,87.16370588235293,13.439568968588887,8.82770588235293,1,,"HARD,MEDIUM",-0.5
2024,MAG,20,Mexico City Grand Prix,Permanent,Haas,20,7.0,0.0,,7.0,85.94369565217391,13.22551286040417,7.607695652173916,1,,"MEDIUM,HARD",-6.363636363636363
2024,HUL,20,Mexico City Grand Prix,Permanent,Haas,27,9.0,1.0,Lapped,10.0,86.32761764705883,13.21617563626631,7.991617647058831,1,,"MEDIUM,HARD",-2.625
2024,TSU,20,Mexico City Grand Prix,Permanent,RB,22,20.0,1.0,Retired,11.0,,,,0,,MEDIUM,6.833333333333334
2024,RIC,20,Mexico City Grand Prix,Permanent,RB,3,,,,,,,,0,,,
2024,BOR,20,Mexico City Grand Prix,Permanent,Sauber,5,,,,,,,,0,,,
2024,VER,21,São Paulo Grand Prix,Permanent,Red Bull,1,1.0,0.0,,12.0,88.0506119402985,12.761295774611918,7.578611940298501,1,,INTERMEDIATE,-2.625
2024,PER,21,São Paulo Grand Prix,Permanent,Red Bull,11,11.0,0.0,,13.0,88.70464615384616,10.394510121680172,8.232646153846161,2,,"INTERMEDIATE,WET",1.375
2024,HAM,21,São Paulo Grand Prix,Permanent,Mercedes,44,10.0,0.0,,16.0,88.48947692307692,9.901943736124002,8.017476923076927,2,,INTERMEDIATE,3.041666666666667
2024,RUS,21,São Paulo Grand Prix,Permanent,Mercedes,63,4.0,0.0,,2.0,87.57841538461538,11.614533606774085,7.106415384615389,2,,INTERMEDIATE,-2.75
2024,LEC,21,São Paulo Grand Prix,Permanent,Ferrari,16,5.0,0.0,,6.0,88.39370769230769,11.08573298450969,7.921707692307692,2,,INTERMEDIATE,0.45833333333333304
2024,SAI,21,São Paulo Grand Prix,Permanent,Ferrari,55,16.0,1.0,Retired,14.0,89.03845454545456,8.993445384316392,8.566454545454562,3,,INTERMEDIATE,10.304347826086957
2024,NOR,21,São Paulo Grand Prix,Permanent,McLaren,4,6.0,0.0,,1.0,87.66895384615385,11.331079152643033,7.1969538461538605,2,,INTERMEDIATE,1.708333333333333
2024,PIA,21,São Paulo Grand Prix,Permanent,McLaren,81,8.0,0.0,,8.0,88.14160000000001,10.685806976721505,7.669600000000017,2,,INTERMEDIATE,2.875
2024,ALO,21,São Paulo Grand Prix,Permanent,Aston Martin,14,14.0,0.0,,9.0,88.86593846153846,10.511681594000736,8.393938461538468,2,,INTERMEDIATE,3.833333333333334
2024,STR,21,São Paulo Grand Prix,Permanent,Aston Martin,18,19.0,1.0,Did not start,10.0,,,,0,,INTERMEDIATE,5.625
2024,OCO,21,São Paulo Grand Prix,Permanent,Alpine,31,2.0,0.0,,4.0,88.32616417910448,12.954261076896453,7.854164179104487,1,,INTERMEDIATE,-11.695652173913043
2024,GAS,21,São Paulo Grand Prix,Permanent,Alpine,10,3.0,0.0,,15.0,88.44259701492538,12.013281042069588,7.970597014925389,1,,INTERMEDIATE,-9.875
2024,ALB,21,São Paulo Grand Prix,Permanent,Williams,23,18.0,1.0,Did not start,7.0,,,,0,,,3.458333333333334
2024,SAR,21,São Paulo Grand Prix,Permanent,Williams,2,,,,,,,,0,,,
2024,BOT,21,São Paulo Grand Prix,Permanent,Sauber,77,13.0,0.0,,11.0,89.53307462686567,10.2074749471834,9.061074626865675,1,,INTERMEDIATE,-2.833333333333334
2024,ZHO,21,São Paulo Grand Prix,Permanent,Sauber,24,15.0,0.0,,20.0,88.7940158730159,8.570574064207516,8.3220158730159,4,-105.2575,"INTERMEDIATE,WET",-0.5
2024,MAG,21,São Paulo Grand Prix,Permanent,Haas,20,,,,,,,,0,,,
2024,HUL,21,São Paulo Grand Prix,Permanent,Haas,27,20.0,1.0,Disqualified,19.0,85.821625,3.517497761965852,5.349625000000003,3,-141.23,"INTERMEDIATE,WET",8.375
2024,TSU,21,São Paulo Grand Prix,Permanent,RB,22,7.0,0.0,,3.0,87.95773846153847,10.394811977130892,7.4857384615384746,2,,"INTERMEDIATE,WET",-6.166666666666666
2024,RIC,21,São Paulo Grand Prix,Permanent,RB,3,,,,,,,,0,,,
2024,BOR,21,São Paulo Grand Prix,Permanent,Sauber,5,,,,,,,,0,,,
2024,VER,22,Las Vegas Grand Prix,Street,Red Bull,1,5.0,0.0,,5.0,97.94191304347825,1.5431551491968503,3.065913043478247,2,,"MEDIUM,HARD",1.375
2024,PER,22,Las Vegas Grand Prix,Street,Red Bull,11,10.0,0.0,,16.0,98.82806521739133,2.611135252483733,3.952065217391322,2,,"HARD,MEDIUM",0.375
2024,HAM,22,Las Vegas Grand Prix,Street,Mercedes,44,2.0,0.0,,10.0,97.79200000000002,2.2096721928829175,2.916000000000011,2,,"MEDIUM,HARD",-4.958333333333333
2024,RUS,22,Las Vegas Grand Prix,Street,Mercedes,63,1.0,0.0,,1.0,97.64697826086953,1.221739533781975,2.7709782608695264,2,,"MEDIUM,HARD",-5.75
2024,LEC,22,Las Vegas Grand Prix,Street,Ferrari,16,4.0,0.0,,4.0,97.8353260869565,1.633653289129038,2.9593260869564944,2,,"MEDIUM,HARD",-0.541666666666667
2024,SAI,22,Las Vegas Grand Prix,Street,Ferrari,55,3.0,0.0,,2.0,97.82415217391305,1.7291390017692654,2.9481521739130443,2,,"MEDIUM,HARD",-2.695652173913044
2024,NOR,22,Las Vegas Grand Prix,Street,McLaren,4,6.0,0.0,,6.0,98.15336363636362,1.984021744663625,3.277363636363617,3,,"MEDIUM,HARD,SOFT",1.708333333333333
2024,PIA,22,Las Vegas Grand Prix,Street,McLaren,81,7.0,0.0,,8.0,98.53936956521738,1.8449207794939873,3.66336956521738,2,,"MEDIUM,HARD",1.875
2024,ALO,22,Las Vegas Grand Prix,Street,Aston Martin,14,11.0,0.0,,17.0,99.02969565217391,2.3796706015708713,4.153695652173909,2,,"SOFT,HARD",0.8333333333333339
2024,STR,22,Las Vegas Grand Prix,Street,Aston Martin,18,15.0,0.0,,20.0,98.9975652173913,2.4703634339206397,4.121565217391293,2,,"MEDIUM,HARD",1.625
2024,OCO,22,Las Vegas Grand Prix,Street,Alpine,31,17.0,1.0,Lapped,11.0,99.39411363636364,1.8753123425539833,4.518113636363637,3,-99.268,"MEDIUM,HARD,SOFT",3.304347826086957
2024,GAS,22,Las Vegas Grand Prix,Street,Alpine,10,20.0,1.0,Retired,3.0,100.23116666666665,1.8921656103443212,5.355166666666648,1,,"MEDIUM,HARD",7.125
2024,ALB,22,Las Vegas Grand Prix,Street,Williams,23,19.0,1.0,Retired,18.0,100.05727272727273,3.1025249499295033,5.181272727272727,1,,"MEDIUM,HARD",4.458333333333334
2024,SAR,22,Las Vegas Grand Prix,Street,Williams,2,,,,,,,,0,,,
2024,BOT,22,Las Vegas Grand Prix,Street,Sauber,77,18.0,1.0,Lapped,19.0,99.75946666666667,2.826854319814614,4.8834666666666635,2,,"HARD,MEDIUM",2.166666666666666
2024,ZHO,22,Las Vegas Grand Prix,Street,Sauber,24,13.0,0.0,,13.0,99.01721739130436,2.1907029507346474,4.141217391304352,2,,"MEDIUM,HARD",-2.5
2024,MAG,22,Las Vegas Grand Prix,Street,Haas,20,12.0,0.0,,12.0,99.38997916666666,2.5375630334028956,4.513979166666658,1,,"MEDIUM,HARD",-1.3636363636363633
2024,HUL,22,Las Vegas Grand Prix,Street,Haas,27,8.0,0.0,,9.0,98.80913043478259,1.956426454405476,3.9331304347825835,2,,"MEDIUM,HARD",-3.625
2024,TSU,22,Las Vegas Grand Prix,Street,RB,22,9.0,0.0,,7.0,98.84806521739131,1.6767687099785966,3.972065217391304,2,,"MEDIUM,HARD",-4.166666666666666
2024,RIC,22,Las Vegas Grand Prix,Street,RB,3,,,,,,,,0,,,
2024,BOR,22,Las Vegas Grand Prix,Street,Sauber,5,,,,,,,,0,,,
2024,VER,23,Qatar Grand Prix,Permanent,Red Bull,1,1.0,0.0,,1.0,90.98155769230769,17.41357083518198,8.597557692307689,3,-142.76,"MEDIUM,HARD",-2.625
2024,PER,23,Qatar Grand Prix,Permanent,Red Bull,11,17.0,1.0,Retired,9.0,92.19252941176471,16.760319204372035,9.80852941176471,3,-124.905,"MEDIUM,HARD",7.375
2024,HAM,23,Qatar Grand Prix,Permanent,Mercedes,44,12.0,0.0,,6.0,92.62133333333335,16.661012136922135,10.237333333333353,4,-142.631,"MEDIUM,HARD",5.041666666666667
2024,RUS,23,Qatar Grand Prix,Permanent,Mercedes,63,4.0,0.0,,2.0,92.81250980392156,18.497691224985402,10.428509803921557,4,-111.9365,"MEDIUM,HARD",-2.75
2024,LEC,23,Qatar Grand Prix,Permanent,Ferrari,16,2.0,0.0,,5.0,92.44907547169808,18.69108310629703,10.06507547169808,3,-134.5905,"MEDIUM,HARD",-2.541666666666667
2024,SAI,23,Qatar Grand Prix,Permanent,Ferrari,55,6.0,0.0,,7.0,92.75573076923077,18.072027335208546,10.371730769230766,3,-108.432,"MEDIUM,HARD",0.3043478260869561
2024,NOR,23,Qatar Grand Prix,Permanent,McLaren,4,10.0,0.0,,3.0,91.38341999999999,17.629230905805397,8.999419999999986,4,-141.345,"MEDIUM,HARD",5.708333333333333
2024,PIA,23,Qatar Grand Prix,Permanent,McLaren,81,3.0,0.0,,4.0,92.56188461538461,18.72359201298667,10.177884615384613,3,-141.942,"MEDIUM,HARD",-2.125
2024,ALO,23,Qatar Grand Prix,Permanent,Aston Martin,14,7.0,0.0,,8.0,93.27771698113212,17.49555382571126,10.893716981132116,3,-111.86449999999999,"MEDIUM,HARD",-3.166666666666666
2024,STR,23,Qatar Grand Prix,Permanent,Aston Martin,18,18.0,1.0,Retired,15.0,112.6195,23.78385329728273,30.235500000000002,2,-98.845,"MEDIUM,HARD",4.625
2024,OCO,23,Qatar Grand Prix,Permanent,Alpine,31,20.0,1.0,Retired,20.0,,,,0,,MEDIUM,6.304347826086957
2024,GAS,23,Qatar Grand Prix,Permanent,Alpine,10,5.0,0.0,,11.0,93.21803773584908,17.9292016296173,10.83403773584908,3,-115.49799999999999,"MEDIUM,HARD",-7.875
2024,ALB,23,Qatar Grand Prix,Permanent,Williams,23,15.0,1.0,Lapped,16.0,94.65932000000001,17.220955697057,12.275320000000008,4,-104.1265,"MEDIUM,SOFT",0.4583333333333339
2024,SAR,23,Qatar Grand Prix,Permanent,Williams,2,,,,,,,,0,,,
2024,BOT,23,Qatar Grand Prix,Permanent,Sauber,77,11.0,0.0,,13.0,93.69821153846154,16.01417630595766,11.314211538461535,3,-140.972,"MEDIUM,HARD",-4.833333333333334
2024,ZHO,23,Qatar Grand Prix,Permanent,Sauber,24,8.0,0.0,,12.0,93.43971698113207,17.545084454470825,11.055716981132065,3,-110.489,"MEDIUM,HARD",-7.5
2024,MAG,23,Qatar Grand Prix,Permanent,Haas,20,9.0,0.0,,10.0,94.15809615384616,17.748958751298034,11.774096153846159,3,-106.347,"MEDIUM,HARD",-4.363636363636363
2024,HUL,23,Qatar Grand Prix,Permanent,Haas,27,16.0,1.0,Retired,18.0,92.61946875000001,13.085235644418473,10.23546875000001,4,-94.226,"HARD,MEDIUM",4.375
2024,TSU,23,Qatar Grand Prix,Permanent,RB,22,13.0,0.0,,14.0,92.96709803921568,15.515809758120781,10.583098039215685,4,-104.67150000000001,"MEDIUM,HARD,SOFT",-0.16666666666666607
2024,RIC,23,Qatar Grand Prix,Permanent,RB,3,,,,,,,,0,,,
2024,BOR,23,Qatar Grand Prix,Permanent,Sauber,5,,,,,,,,0,,,
2024,VER,24,Abu Dhabi Grand Prix,Permanent,Red Bull,1,6.0,0.0,,5.0,89.85332142857143,3.9698128928069276,4.216321428571433,1,,"MEDIUM,HARD",2.375
2024,PER,24,Abu Dhabi Grand Prix,Permanent,Red Bull,11,20.0,1.0,Retired,10.0,,,,0,,MEDIUM,10.375
2024,HAM,24,Abu Dhabi Grand Prix,Permanent,Mercedes,44,4.0,0.0,,18.0,89.80821428571429,4.2593648383267215,4.171214285714285,1,,"HARD,MEDIUM",-2.958333333333333
2024,RUS,24,Abu Dhabi Grand Prix,Permanent,Mercedes,63,5.0,0.0,,7.0,89.81998214285714,3.4347807154622974,4.182982142857142,1,,"MEDIUM,HARD",-1.75
2024,LEC,24,Abu Dhabi Grand Prix,Permanent,Ferrari,16,3.0,0.0,,14.0,89.72085714285716,3.722845834371001,4.0838571428571555,1,,"MEDIUM,HARD",-1.541666666666667
2024,SAI,24,Abu Dhabi Grand Prix,Permanent,Ferrari,55,2.0,0.0,,3.0,89.29864285714287,3.4533960804274515,3.6616428571428656,1,,"MEDIUM,HARD",-3.695652173913044
2024,NOR,24,Abu Dhabi Grand Prix,Permanent,McLaren,4,1.0,0.0,,1.0,89.18233928571428,3.3421366126084173,3.5453392857142774,1,,"MEDIUM,HARD",-3.291666666666667
2024,PIA,24,Abu Dhabi Grand Prix,Permanent,McLaren,81,10.0,0.0,,2.0,90.03609259259257,4.980176386466794,4.399092592592567,2,,"MEDIUM,HARD",4.875
2024,ALO,24,Abu Dhabi Grand Prix,Permanent,Aston Martin,14,9.0,0.0,,8.0,90.16666666666667,3.5050501624811923,4.529666666666671,2,,"MEDIUM,HARD",-1.166666666666666
2024,STR,24,Abu Dhabi Grand Prix,Permanent,Aston Martin,18,14.0,1.0,Lapped,13.0,90.56509433962266,3.7056006066916463,4.92809433962266,2,,"MEDIUM,HARD",0.625
2024,OCO,24,Abu Dhabi Grand Prix,Permanent,Alpine,31,,,,,,,,0,,,
2024,GAS,24,Abu Dhabi Grand Prix,Permanent,Alpine,10,7.0,0.0,,6.0,90.42546428571428,3.226607415984027,4.788464285714284,1,,"MEDIUM,HARD",-5.875
2024,ALB,24,Abu Dhabi Grand Prix,Permanent,Williams,23,11.0,1.0,Lapped,16.0,90.95214545454547,4.379255244555825,5.315145454545473,1,,"MEDIUM,HARD",-3.541666666666666
2024,SAR,24,Abu Dhabi Grand Prix,Permanent,Williams,2,,,,,,,,0,,,
2024,BOT,24,Abu Dhabi Grand Prix,Permanent,Sauber,77,18.0,1.0,Retired,9.0,91.85948148148145,5.6932990055811725,6.222481481481452,1,,"MEDIUM,HARD",2.166666666666666
2024,ZHO,24,Abu Dhabi Grand Prix,Permanent,Sauber,24,13.0,1.0,Lapped,17.0,90.51239622641508,4.52984042569859,4.875396226415077,2,,"MEDIUM,HARD",-2.5
2024,MAG,24,Abu Dhabi Grand Prix,Permanent,Haas,20,16.0,1.0,Lapped,15.0,90.66601999999997,3.6005549429985124,5.029019999999974,4,-100.411,"MEDIUM,HARD,SOFT",2.6363636363636367
2024,HUL,24,Abu Dhabi Grand Prix,Permanent,Haas,27,8.0,0.0,,4.0,90.47689285714286,3.2612241019066963,4.839892857142857,1,,"MEDIUM,HARD",-3.625
2024,TSU,24,Abu Dhabi Grand Prix,Permanent,RB,22,12.0,1.0,Lapped,11.0,91.0019818181818,4.58706629997911,5.364981818181803,1,,"MEDIUM,HARD",-1.166666666666666
2024,RIC,24,Abu Dhabi Grand Prix,Permanent,RB,3,,,,,,,,0,,,
2024,BOR,24,Abu Dhabi Grand Prix,Permanent,Sauber,5,,,,,,,,0,,,
