# x_m,y_m,w_tr_right_m,w_tr_left_m
1003.000000,-1235.000000,7.500000,7.500000
957.195358,-1247.262660,7.500000,7.500000
911.390715,-1259.525320,7.500000,7.500000
865.586073,-1271.787981,7.500000,7.500000
819.781430,-1284.050641,7.500000,7.500000
773.976788,-1296.313301,7.500000,7.500000
728.180664,-1308.607685,7.500000,7.500000
682.394756,-1320.940112,7.500000,7.500000
636.608848,-1333.272539,7.500000,7.500000
590.822941,-1345.604966,7.500000,7.500000
545.037033,-1357.937394,7.500000,7.500000
499.251125,-1370.269821,7.500000,7.500000
453.465217,-1382.602248,7.500000,7.500000
407.690341,-1394.975451,7.500000,7.500000
361.932003,-1407.409782,7.500000,7.500000
316.173665,-1419.844113,7.500000,7.500000
270.415326,-1432.278444,7.500000,7.500000
224.656988,-1444.712775,7.500000,7.500000
178.898650,-1457.147106,7.500000,7.500000
133.120972,-1469.509664,7.500000,7.500000
87.310144,-1481.749198,7.500000,7.500000
41.499317,-1493.988732,7.500000,7.500000
-4.266630,-1506.393883,7.500000,7.500000
-49.989261,-1518.958881,7.500000,7.500000
-95.711891,-1531.523879,7.500000,7.500000
-141.471617,-1543.952659,7.500000,7.500000
-187.251870,-1556.306060,7.500000,7.500000
-233.032123,-1568.659462,7.500000,7.500000
-278.812377,-1581.012864,7.500000,7.500000
-324.592630,-1593.366265,7.500000,7.500000
-370.372883,-1605.719667,7.500000,7.500000
-416.153136,-1618.073068,7.500000,7.500000
-461.914361,-1630.496706,7.500000,7.500000
-507.669677,-1642.942152,7.500000,7.500000
-553.424994,-1655.387598,7.500000,7.500000
-599.180310,-1667.833044,7.500000,7.500000
-644.935626,-1680.278490,7.500000,7.500000
-690.711997,-1692.645650,7.500000,7.500000
-736.537676,-1704.829461,7.500000,7.500000
-782.363355,-1717.013273,7.500000,7.500000
-828.189033,-1729.197084,7.500000,7.500000
-874.014712,-1741.380896,7.500000,7.500000
-919.840391,-1753.564707,7.500000,7.500000
-965.579689,-1766.067804,7.500000,7.500000
-1011.297407,-1778.650663,7.500000,7.500000
-1057.015126,-1791.233521,7.500000,7.500000
-1102.732844,-1803.816379,7.500000,7.500000
-1148.451341,-1816.396401,7.500000,7.500000
-1194.193567,-1828.889873,7.500000,7.500000
-1239.935793,-1841.383344,7.500000,7.500000
-1285.678020,-1853.876816,7.500000,7.500000
-1331.420246,-1866.370288,7.500000,7.500000
-1377.156263,-1878.886182,7.500000,7.500000
-1422.808671,-1891.703973,7.500000,7.500000
-1468.461078,-1904.521764,7.500000,7.500000
-1514.113486,-1917.339556,7.500000,7.500000
-1559.765894,-1930.157347,7.500000,7.500000
-1605.418302,-1942.975139,7.500000,7.500000
-1651.070625,-1955.793230,7.500000,7.500000
-1696.722808,-1968.611823,7.500000,7.500000
-1742.374990,-1981.430416,7.500000,7.500000
-1788.027173,-1994.249009,7.500000,7.500000
-1833.679356,-2007.067602,7.500000,7.500000
-1879.419347,-2019.568913,7.500000,7.500000
-1925.166227,-2032.045335,7.500000,7.500000
-1970.913107,-2044.521756,7.500000,7.500000
-2016.659987,-2056.998178,7.500000,7.500000
-2062.406867,-2069.474600,7.500000,7.500000
-2108.153746,-2081.951022,7.500000,7.500000
-2153.900626,-2094.427443,7.500000,7.500000
-2199.653528,-2106.881692,7.500000,7.500000
-2245.426283,-2119.262847,7.500000,7.500000
-2291.199038,-2131.644002,7.500000,7.500000
-2336.971794,-2144.025157,7.500000,7.500000
-2382.744549,-2156.406312,7.500000,7.500000
-2428.517304,-2168.787467,7.500000,7.500000
-2474.562019,-2180.109680,7.500000,7.500000
-2520.636261,-2191.316928,7.500000,7.500000
-2566.710502,-2202.524176,7.500000,7.500000
-2612.784743,-2213.731424,7.500000,7.500000
-2658.951600,-2224.397146,7.500000,7.500000
-2706.131620,-2229.138856,7.500000,7.500000
-2753.311640,-2233.880567,7.500000,7.500000
-2800.491660,-2238.622277,7.500000,7.500000
-2847.671680,-2243.363988,7.500000,7.500000
-2894.943221,-2240.938825,7.500000,7.500000
-2942.228940,-2237.403444,7.500000,7.500000
-2988.245914,-2227.322957,7.500000,7.500000
-3033.427680,-2212.933860,7.500000,7.500000
-3078.609446,-2198.544762,7.500000,7.500000
-3123.190085,-2182.837292,7.500000,7.500000
-3163.681992,-2158.162536,7.500000,7.500000
-3202.390734,-2130.922691,7.500000,7.500000
-3238.968014,-2100.837162,7.500000,7.500000
-3271.846516,-2066.669307,7.500000,7.500000
-3299.241589,-2028.373919,7.500000,7.500000
-3322.980078,-1987.326115,7.500000,7.500000
-3346.718567,-1946.278311,7.500000,7.500000
-3370.457057,-1905.230506,7.500000,7.500000
-3393.665999,-1863.884551,7.500000,7.500000
-3416.451847,-1822.300380,7.500000,7.500000
-3439.237694,-1780.716209,7.500000,7.500000
-3462.023541,-1739.132038,7.500000,7.500000
-3484.809388,-1697.547867,7.500000,7.500000
-3508.377859,-1656.426887,7.500000,7.500000
-3533.867591,-1616.442995,7.500000,7.500000
-3559.854662,-1576.791663,7.500000,7.500000
-3587.067443,-1537.959941,7.500000,7.500000
-3614.280225,-1499.128219,7.500000,7.500000
-3641.485819,-1460.291514,7.500000,7.500000
-3668.301872,-1421.184771,7.500000,7.500000
-3695.117925,-1382.078027,7.500000,7.500000
-3721.870362,-1342.927888,7.500000,7.500000
-3748.495466,-1303.690892,7.500000,7.500000
-3775.027150,-1264.391340,7.500000,7.500000
-3801.166501,-1224.829079,7.500000,7.500000
-3827.305852,-1185.266819,7.500000,7.500000
-3853.504193,-1145.743710,7.500000,7.500000
-3879.721741,-1106.233538,7.500000,7.500000
-3905.737766,-1066.590070,7.500000,7.500000
-3931.753792,-1026.946603,7.500000,7.500000
-3957.939135,-987.414843,7.500000,7.500000
-3984.148617,-947.899008,7.500000,7.500000
-4010.368003,-908.389748,7.500000,7.500000
-4036.602547,-868.890547,7.500000,7.500000
-4062.837090,-829.391347,7.500000,7.500000
-4089.071225,-789.891876,7.500000,7.500000
-4115.155858,-750.293517,7.500000,7.500000
-4141.240491,-710.695158,7.500000,7.500000
-4167.325124,-671.096799,7.500000,7.500000
-4193.461509,-631.532590,7.500000,7.500000
-4219.609193,-591.975837,7.500000,7.500000
-4245.756877,-552.419083,7.500000,7.500000
-4271.775970,-512.777687,7.500000,7.500000
-4297.770153,-473.119894,7.500000,7.500000
-4323.764337,-433.462101,7.500000,7.500000
-4349.891277,-393.891706,7.500000,7.500000
-4376.044060,-354.338323,7.500000,7.500000
-4402.196842,-314.784941,7.500000,7.500000
-4428.349625,-275.231558,7.500000,7.500000
-4454.500771,-235.677094,7.500000,7.500000
-4480.645774,-196.118568,7.500000,7.500000
-4506.790776,-156.560043,7.500000,7.500000
-4532.935779,-117.001517,7.500000,7.500000
-4559.080782,-77.442991,7.500000,7.500000
-4585.131564,-37.822392,7.500000,7.500000
-4611.160509,1.812594,7.500000,7.500000
-4637.189455,41.447580,7.500000,7.500000
-4663.218401,81.082565,7.500000,7.500000
-4689.247347,120.717551,7.500000,7.500000
-4714.951018,160.563589,7.500000,7.500000
-4740.540743,200.483560,7.500000,7.500000
-4766.130468,240.403531,7.500000,7.500000
-4791.213807,280.642567,7.500000,7.500000
-4816.178138,320.956588,7.500000,7.500000
-4841.142469,361.270609,7.500000,7.500000
-4866.106800,401.584630,7.500000,7.500000
-4891.071131,441.898651,7.500000,7.500000
-4916.035462,482.212672,7.500000,7.500000
-4940.071533,523.085001,7.500000,7.500000
-4963.982519,564.032563,7.500000,7.500000
-4987.893504,604.980126,7.500000,7.500000
-5011.151843,646.295990,7.500000,7.500000
-5033.844082,687.931316,7.500000,7.500000
-5056.536322,729.566643,7.500000,7.500000
-5079.228561,771.201969,7.500000,7.500000
-5101.920800,812.837295,7.500000,7.500000
-5124.258329,854.661797,7.500000,7.500000
-5146.192144,896.701610,7.500000,7.500000
-5168.125960,938.741423,7.500000,7.500000
-5189.612244,981.010622,7.500000,7.500000
-5210.934839,1023.363721,7.500000,7.500000
-5232.257434,1065.716821,7.500000,7.500000
-5253.615419,1108.052043,7.500000,7.500000
-5275.052696,1150.347212,7.500000,7.500000
-5296.489973,1192.642380,7.500000,7.500000
-5317.927251,1234.937548,7.500000,7.500000
-5339.166263,1277.332527,7.500000,7.500000
-5360.372103,1319.744205,7.500000,7.500000
-5381.577942,1362.155884,7.500000,7.500000
-5402.783781,1404.567563,7.500000,7.500000
-5423.989621,1446.979241,7.500000,7.500000
-5445.195460,1489.390920,7.500000,7.500000
-5466.401299,1531.802599,7.500000,7.500000
-5487.517989,1574.258168,7.500000,7.500000
-5508.199733,1616.927871,7.500000,7.500000
-5528.881477,1659.597574,7.500000,7.500000
-5549.563221,1702.267278,7.500000,7.500000
-5570.244965,1744.936981,7.500000,7.500000
-5590.653158,1787.737405,7.500000,7.500000
-5610.860545,1830.633787,7.500000,7.500000
-5631.067931,1873.530170,7.500000,7.500000
-5651.465237,1916.336405,7.500000,7.500000
-5671.923864,1959.113533,7.500000,7.500000
-5692.382490,2001.890662,7.500000,7.500000
-5712.682340,2044.743046,7.500000,7.500000
-5732.841333,2087.662192,7.500000,7.500000
-5753.000326,2130.581338,7.500000,7.500000
-5773.240924,2173.461946,7.500000,7.500000
-5793.579525,2216.296271,7.500000,7.500000
-5813.918125,2259.130597,7.500000,7.500000
-5834.205823,2301.988915,7.500000,7.500000
-5854.301210,2344.937880,7.500000,7.500000
-5874.396597,2387.886844,7.500000,7.500000
-5894.491984,2430.835808,7.500000,7.500000
-5914.587371,2473.784772,7.500000,7.500000
-5934.930825,2516.610988,7.500000,7.500000
-5956.884382,2558.640495,7.500000,7.500000
-5978.837939,2600.670002,7.500000,7.500000
-6000.791496,2642.699509,7.500000,7.500000
-6022.745053,2684.729016,7.500000,7.500000
-6044.698610,2726.758523,7.500000,7.500000
-6066.652167,2768.788029,7.500000,7.500000
-6088.605723,2810.817536,7.500000,7.500000
-6110.559280,2852.847043,7.500000,7.500000
-6132.512837,2894.876550,7.500000,7.500000
-6154.466394,2936.906057,7.500000,7.500000
-6176.419951,2978.935564,7.500000,7.500000
-6198.373508,3020.965071,7.500000,7.500000
-6220.327065,3062.994578,7.500000,7.500000
-6243.233033,3104.476413,7.500000,7.500000
-6268.515691,3144.591563,7.500000,7.500000
-6293.798349,3184.706714,7.500000,7.500000
-6319.366742,3224.637267,7.500000,7.500000
-6345.543366,3264.174875,7.500000,7.500000
-6371.719989,3303.712484,7.500000,7.500000
-6397.896613,3343.250093,7.500000,7.500000
-6424.925754,3382.202545,7.500000,7.500000
-6452.409454,3420.842995,7.500000,7.500000
-6479.893154,3459.483444,7.500000,7.500000
-6507.376854,3498.123894,7.500000,7.500000
-6537.361941,3534.854029,7.500000,7.500000
-6567.405059,3571.539846,7.500000,7.500000
-6597.448177,3608.225663,7.500000,7.500000
-6627.491295,3644.911480,7.500000,7.500000
-6657.534413,3681.597298,7.500000,7.500000
-6687.577530,3718.283115,7.500000,7.500000
-6718.369872,3754.317361,7.500000,7.500000
-6750.532353,3789.160049,7.500000,7.500000
-6783.030089,3823.689765,7.500000,7.500000
-6815.581908,3858.168994,7.500000,7.500000
-6848.133726,3892.648223,7.500000,7.500000
-6880.685545,3927.127452,7.500000,7.500000
-6913.356696,3961.491945,7.500000,7.500000
-6946.531293,3995.372385,7.500000,7.500000
-6979.705891,4029.252824,7.500000,7.500000
-7012.880488,4063.133264,7.500000,7.500000
-7046.055085,4097.013704,7.500000,7.500000
-7079.229683,4130.894144,7.500000,7.500000
-7112.404280,4164.774584,7.500000,7.500000
-7145.646125,4198.587942,7.500000,7.500000
-7179.444081,4231.846569,7.500000,7.500000
-7213.242037,4265.105196,7.500000,7.500000
-7247.039994,4298.363823,7.500000,7.500000
-7280.837950,4331.622450,7.500000,7.500000
-7314.635906,4364.881077,7.500000,7.500000
-7348.610968,4397.957951,7.500000,7.500000
-7382.733643,4430.883339,7.500000,7.500000
-7416.856317,4463.808727,7.500000,7.500000
-7450.963619,4496.750011,7.500000,7.500000
-7485.011129,4529.753119,7.500000,7.500000
-7519.058640,4562.756228,7.500000,7.500000
-7553.106150,4595.759336,7.500000,7.500000
-7587.153660,4628.762444,7.500000,7.500000
-7621.309403,4661.653009,7.500000,7.500000
-7655.616403,4694.386293,7.500000,7.500000
-7689.923403,4727.119577,7.500000,7.500000
-7724.230402,4759.852861,7.500000,7.500000
-7758.537402,4792.586145,7.500000,7.500000
-7792.844402,4825.319429,7.500000,7.500000
-7827.159432,4858.044263,7.500000,7.500000
-7861.594500,4890.642794,7.500000,7.500000
-7896.029568,4923.241324,7.500000,7.500000
-7930.489158,4955.813930,7.500000,7.500000
-7964.951944,4988.383156,7.500000,7.500000
-7999.380891,5020.988037,7.500000,7.500000
-8033.705088,5053.703287,7.500000,7.500000
-8067.651135,5086.803559,7.500000,7.500000
-8100.979139,5120.533104,7.500000,7.500000
-8134.307143,5154.262650,7.500000,7.500000
-8164.437008,5190.845980,7.500000,7.500000
-8188.907684,5231.321185,7.500000,7.500000
-8211.888149,5272.798122,7.500000,7.500000
-8226.662805,5317.850933,7.500000,7.500000
-8225.686794,5364.758475,7.500000,7.500000
-8221.748968,5412.012381,7.500000,7.500000
-8210.790464,5456.727909,7.500000,7.500000
-8183.598199,5495.574001,7.500000,7.500000
-8148.490407,5526.837135,7.500000,7.500000
-8108.711949,5552.353627,7.500000,7.500000
-8064.925559,5570.392059,7.500000,7.500000
-8019.689845,5584.327539,7.500000,7.500000
-7973.687921,5595.828020,7.500000,7.500000
-7927.091991,5604.425281,7.500000,7.500000
-7880.240854,5611.732176,7.500000,7.500000
-7833.324704,5618.603550,7.500000,7.500000
-7786.322148,5624.844453,7.500000,7.500000
-7739.229232,5630.384796,7.500000,7.500000
-7692.153887,5636.072256,7.500000,7.500000
-7645.060616,5641.606748,7.500000,7.500000
-7597.946142,5646.960666,7.500000,7.500000
-7550.762546,5651.636164,7.500000,7.500000
-7503.536423,5655.894257,7.500000,7.500000
-7456.307636,5660.119181,7.500000,7.500000
-7409.007082,5663.450205,7.500000,7.500000
-7361.678933,5666.332688,7.500000,7.500000
-7314.326774,5668.824907,7.500000,7.500000
-7266.974615,5671.317126,7.500000,7.500000
-7219.600309,5673.323065,7.500000,7.500000
-7172.217644,5675.145475,7.500000,7.500000
-7124.834979,5676.967885,7.500000,7.500000
-7077.425150,5677.821909,7.500000,7.500000
-7030.014833,5678.658562,7.500000,7.500000
-6982.604517,5679.495214,7.500000,7.500000
-6935.192459,5679.788679,7.500000,7.500000
-6887.777754,5679.255930,7.500000,7.500000
-6840.370111,5678.348416,7.500000,7.500000
-6792.968997,5677.094418,7.500000,7.500000
-6745.567883,5675.840420,7.500000,7.500000
-6698.166769,5674.586422,7.500000,7.500000
-6650.799382,5672.534848,7.500000,7.500000
-6603.461622,5669.782652,7.500000,7.500000
-6556.123862,5667.030457,7.500000,7.500000
-6508.786102,5664.278262,7.500000,7.500000
-6461.484805,5660.963200,7.500000,7.500000
-6414.187609,5657.584829,7.500000,7.500000
-6366.890414,5654.206458,7.500000,7.500000
-6319.701023,5649.570102,7.500000,7.500000
-6272.518650,5644.851865,7.500000,7.500000
-6225.336277,5640.133628,7.500000,7.500000
-6178.180476,5635.169037,7.500000,7.500000
-6131.077224,5629.717271,7.500000,7.500000
-6083.973972,5624.265506,7.500000,7.500000
-6036.870720,5618.813741,7.500000,7.500000
-5989.767468,5613.361975,7.500000,7.500000
-5942.759613,5607.156534,7.500000,7.500000
-5895.783527,5600.700106,7.500000,7.500000
-5848.807441,5594.243677,7.500000,7.500000
-5801.831355,5587.787248,7.500000,7.500000
-5754.878803,5581.167726,7.500000,7.500000
-5707.993745,5574.080450,7.500000,7.500000
-5661.108688,5566.993174,7.500000,7.500000
-5614.223630,5559.905898,7.500000,7.500000
-5567.431086,5552.246739,7.500000,7.500000
-5520.702836,5544.190144,7.500000,7.500000
-5473.976438,5536.122870,7.500000,7.500000
-5427.265417,5527.966978,7.500000,7.500000
-5380.554396,5519.811085,7.500000,7.500000
-5333.843374,5511.655192,7.500000,7.500000
-5287.132353,5503.499300,7.500000,7.500000
-5240.421331,5495.343407,7.500000,7.500000
-5193.821297,5486.584229,7.500000,7.500000
-5147.266009,5477.581825,7.500000,7.500000
-5100.710721,5468.579421,7.500000,7.500000
-5054.155433,5459.577017,7.500000,7.500000
-5007.675031,5450.197312,7.500000,7.500000
-4961.210533,5440.737474,7.500000,7.500000
-4914.746035,5431.277636,7.500000,7.500000
-4868.279805,5421.826320,7.500000,7.500000
-4821.807801,5412.403425,7.500000,7.500000
-4775.335797,5402.980530,7.500000,7.500000
-4728.863793,5393.557635,7.500000,7.500000
-4682.391789,5384.134741,7.500000,7.500000
-4635.899087,5374.814970,7.500000,7.500000
-4589.390201,5365.575831,7.500000,7.500000
-4542.881316,5356.336692,7.500000,7.500000
-4496.372431,5347.097554,7.500000,7.500000
-4449.863545,5337.858415,7.500000,7.500000
-4403.354660,5328.619276,7.500000,7.500000
-4356.845774,5319.380137,7.500000,7.500000
-4310.336889,5310.140998,7.500000,7.500000
-4263.828003,5300.901859,7.500000,7.500000
-4217.319118,5291.662720,7.500000,7.500000
-4170.810233,5282.423582,7.500000,7.500000
-4124.301347,5273.184443,7.500000,7.500000
-4077.792462,5263.945304,7.500000,7.500000
-4031.283576,5254.706165,7.500000,7.500000
-3984.774691,5245.467026,7.500000,7.500000
-3938.265806,5236.227887,7.500000,7.500000
-3891.756920,5226.988748,7.500000,7.500000
-3845.248035,5217.749610,7.500000,7.500000
-3798.739149,5208.510471,7.500000,7.500000
-3752.108800,5199.945734,7.500000,7.500000
-3705.298945,5192.377674,7.500000,7.500000
-3658.489090,5184.809613,7.500000,7.500000
-3611.679234,5177.241553,7.500000,7.500000
-3564.869379,5169.673492,7.500000,7.500000
-3518.059523,5162.105432,7.500000,7.500000
-3471.249668,5154.537371,7.500000,7.500000
-3424.402298,5147.216764,7.500000,7.500000
-3377.452635,5140.570921,7.500000,7.500000
-3330.502972,5133.925078,7.500000,7.500000
-3283.553308,5127.279235,7.500000,7.500000
-3236.603645,5120.633393,7.500000,7.500000
-3189.649274,5114.020951,7.500000,7.500000
-3142.691813,5107.430430,7.500000,7.500000
-3095.734352,5100.839909,7.500000,7.500000
-3048.776891,5094.249388,7.500000,7.500000
-3001.806040,5087.755016,7.500000,7.500000
-2954.834662,5081.264426,7.500000,7.500000
-2907.863284,5074.773836,7.500000,7.500000
-2860.891906,5068.283245,7.500000,7.500000
-2813.920528,5061.792655,7.500000,7.500000
-2766.935315,5055.410792,7.500000,7.500000
-2719.835277,5049.931332,7.500000,7.500000
-2672.735238,5044.451872,7.500000,7.500000
-2625.635199,5038.972412,7.500000,7.500000
-2578.535161,5033.492952,7.500000,7.500000
-2531.435122,5028.013492,7.500000,7.500000
-2484.335084,5022.534032,7.500000,7.500000
-2437.235045,5017.054572,7.500000,7.500000
-2390.135007,5011.575112,7.500000,7.500000
-2342.944301,5007.025167,7.500000,7.500000
-2295.673205,5003.299366,7.500000,7.500000
-2248.402109,4999.573565,7.500000,7.500000
-2201.131013,4995.847765,7.500000,7.500000
-2153.837479,4992.479883,7.500000,7.500000
-2106.471171,4990.272850,7.500000,7.500000
-2059.104863,4988.065818,7.500000,7.500000
-2011.738555,4985.858786,7.500000,7.500000
-1964.372247,4983.651753,7.500000,7.500000
-1917.005939,4981.444721,7.500000,7.500000
-1869.631040,4979.452340,7.500000,7.500000
-1822.239859,4977.866761,7.500000,7.500000
-1774.848678,4976.281183,7.500000,7.500000
-1727.457497,4974.695604,7.500000,7.500000
-1680.066316,4973.110025,7.500000,7.500000
-1632.675135,4971.524447,7.500000,7.500000
-1585.283171,4969.962534,7.500000,7.500000
-1537.890819,4968.412317,7.500000,7.500000
-1490.498468,4966.862099,7.500000,7.500000
-1443.106117,4965.311882,7.500000,7.500000
-1395.712251,4963.813666,7.500000,7.500000
-1348.310045,4962.601677,7.500000,7.500000
-1300.907838,4961.389689,7.500000,7.500000
-1253.505631,4960.177701,7.500000,7.500000
-1206.103425,4958.965713,7.500000,7.500000
-1158.701218,4957.753724,7.500000,7.500000
-1111.299011,4956.541736,7.500000,7.500000
-1063.896805,4955.329748,7.500000,7.500000
-1016.492232,4954.215733,7.500000,7.500000
-969.086776,4953.138336,7.500000,7.500000
-921.681319,4952.060939,7.500000,7.500000
-874.276838,4950.941464,7.500000,7.500000
-826.872416,4949.819465,7.500000,7.500000
-779.467994,4948.697467,7.500000,7.500000
-732.101064,4946.765591,7.500000,7.500000
-685.217617,4939.949839,7.500000,7.500000
-638.463530,4932.044558,7.500000,7.500000
-591.709443,4924.139278,7.500000,7.500000
-544.955356,4916.233997,7.500000,7.500000
-499.498830,4904.184450,7.500000,7.500000
-456.584689,4884.014804,7.500000,7.500000
-413.705599,4863.785890,7.500000,7.500000
-375.357196,4835.896142,7.500000,7.500000
-337.008792,4808.006394,7.500000,7.500000
-309.487335,4769.393518,7.500000,7.500000
-281.968360,4730.778182,7.500000,7.500000
-265.008327,4687.028311,7.500000,7.500000
-253.310284,4641.171987,7.500000,7.500000
-246.604409,4594.230860,7.500000,7.500000
-246.000000,4546.856116,7.500000,7.500000
-246.000000,4499.438418,7.500000,7.500000
-254.669545,4452.864134,7.500000,7.500000
-269.607025,4407.999258,7.500000,7.500000
-286.528890,4363.703788,7.500000,7.500000
-306.749145,4320.867968,7.500000,7.500000
-328.153865,4278.556314,7.500000,7.500000
-352.569875,4237.963467,7.500000,7.500000
-378.117379,4198.016463,7.500000,7.500000
-405.146225,4159.087266,7.500000,7.500000
-433.274358,4120.913371,7.500000,7.500000
-462.310395,4083.437929,7.500000,7.500000
-491.995463,4046.461791,7.500000,7.500000
-523.284536,4010.864635,7.500000,7.500000
-555.388998,3975.968481,7.500000,7.500000
-587.493460,3941.072326,7.500000,7.500000
-621.639488,3908.203144,7.500000,7.500000
-656.304446,3875.849183,7.500000,7.500000
-691.406771,3843.997961,7.500000,7.500000
-728.247138,3814.144561,7.500000,7.500000
-766.165062,3785.705397,7.500000,7.500000
-804.724871,3758.108671,7.500000,7.500000
-843.284679,3730.511945,7.500000,7.500000
-883.870111,3705.996566,7.500000,7.500000
-924.493830,3681.539429,7.500000,7.500000
-965.837835,3658.355583,7.500000,7.500000
-1007.727290,3636.135959,7.500000,7.500000
-1049.616745,3613.916335,7.500000,7.500000
-1092.492971,3593.692419,7.500000,7.500000
-1135.580335,3573.895522,7.500000,7.500000
-1178.988469,3554.867584,7.500000,7.500000
-1223.371434,3538.176555,7.500000,7.500000
-1267.754400,3521.485525,7.500000,7.500000
-1312.817566,3506.828590,7.500000,7.500000
-1358.312995,3493.464308,7.500000,7.500000
-1403.808424,3480.100025,7.500000,7.500000
-1449.378413,3467.024808,7.500000,7.500000
-1495.662001,3456.716191,7.500000,7.500000
-1541.945589,3446.407573,7.500000,7.500000
-1588.229177,3436.098956,7.500000,7.500000
-1634.512765,3425.790339,7.500000,7.500000
-1681.078498,3417.160172,7.500000,7.500000
-1728.188774,3411.769444,7.500000,7.500000
-1775.299051,3406.378716,7.500000,7.500000
-1822.409328,3400.987987,7.500000,7.500000
-1869.540203,3395.870480,7.500000,7.500000
-1916.926199,3394.136846,7.500000,7.500000
-1964.314512,3393.529692,7.500000,7.500000
-2011.707237,3395.068417,7.500000,7.500000
-2059.099963,3396.607142,7.500000,7.500000
-2106.480193,3398.365233,7.500000,7.500000
-2153.741108,3402.218025,7.500000,7.500000
-2201.002024,3406.070817,7.500000,7.500000
-2248.262939,3409.923609,7.500000,7.500000
-2295.484198,3414.164726,7.500000,7.500000
-2342.548324,3419.944531,7.500000,7.500000
-2389.612450,3425.724336,7.500000,7.500000
-2436.676576,3431.504141,7.500000,7.500000
-2483.688911,3437.681229,7.500000,7.500000
-2530.545481,3444.952185,7.500000,7.500000
-2577.396028,3452.264120,7.500000,7.500000
-2624.246575,3459.576055,7.500000,7.500000
-2671.052218,3467.156131,7.500000,7.500000
-2717.728858,3475.506539,7.500000,7.500000
-2764.405499,3483.856947,7.500000,7.500000
-2811.082140,3492.207355,7.500000,7.500000
-2857.758781,3500.557764,7.500000,7.500000
-2904.399391,3509.105477,7.500000,7.500000
-2951.014731,3517.791565,7.500000,7.500000
-2997.630072,3526.477653,7.500000,7.500000
-3044.236599,3535.210086,7.500000,7.500000
-3090.786153,3544.242089,7.500000,7.500000
-3137.335708,3553.274093,7.500000,7.500000
-3183.927881,3562.074414,7.500000,7.500000
-3230.644355,3570.199018,7.500000,7.500000
-3277.360828,3578.323622,7.500000,7.500000
-3324.077302,3586.448226,7.500000,7.500000
-3370.793776,3594.572831,7.500000,7.500000
-3417.641647,3601.784061,7.500000,7.500000
-3464.753887,3607.157605,7.500000,7.500000
-3511.866126,3612.531150,7.500000,7.500000
-3558.978366,3617.904694,7.500000,7.500000
-3606.090606,3623.278239,7.500000,7.500000
-3653.202845,3628.651783,7.500000,7.500000
-3700.315085,3634.025328,7.500000,7.500000
-3747.427325,3639.398873,7.500000,7.500000
-3794.640317,3643.000000,7.500000,7.500000
-3842.058016,3643.000000,7.500000,7.500000
-3889.475714,3643.000000,7.500000,7.500000
-3936.893412,3643.000000,7.500000,7.500000
-3984.040102,3638.696079,7.500000,7.500000
-4031.083269,3632.748092,7.500000,7.500000
-4078.126436,3626.800106,7.500000,7.500000
-4125.140981,3620.703345,7.500000,7.500000
-4171.032896,3608.771447,7.500000,7.500000
-4216.924812,3596.839549,7.500000,7.500000
-4262.816727,3584.907651,7.500000,7.500000
-4307.008099,3567.978861,7.500000,7.500000
-4350.651548,3549.440051,7.500000,7.500000
-4393.694920,3529.757674,7.500000,7.500000
-4433.748320,3504.377302,7.500000,7.500000
-4473.801720,3478.996930,7.500000,7.500000
-4511.194465,3450.026989,7.500000,7.500000
-4547.126117,3419.085844,7.500000,7.500000
-4578.721770,3384.012732,7.500000,7.500000
-4607.896498,3346.632612,7.500000,7.500000
-4637.071226,3309.252492,7.500000,7.500000
-4666.245954,3271.872372,7.500000,7.500000
-4692.800044,3232.935491,7.500000,7.500000
-4711.671625,3189.434898,7.500000,7.500000
-4730.543206,3145.934306,7.500000,7.500000
-4748.322316,3102.078326,7.500000,7.500000
-4758.656226,3055.800379,7.500000,7.500000
-4768.990137,3009.522432,7.500000,7.500000
-4773.553008,2962.363899,7.500000,7.500000
-4777.490834,2915.109993,7.500000,7.500000
-4781.428659,2867.856087,7.500000,7.500000
-4785.366485,2820.602181,7.500000,7.500000
-4783.198324,2773.309593,7.500000,7.500000
-4779.859500,2726.009590,7.500000,7.500000
-4776.520677,2678.709586,7.500000,7.500000
-4771.737394,2631.603168,7.500000,7.500000
-4762.503794,2585.093183,7.500000,7.500000
-4753.270194,2538.583198,7.500000,7.500000
-4742.957862,2492.328535,7.500000,7.500000
-4730.363069,2446.614103,7.500000,7.500000
-4717.147721,2401.096809,7.500000,7.500000
-4701.050803,2356.494933,7.500000,7.500000
-4684.953885,2311.893057,7.500000,7.500000
-4667.915845,2267.690857,7.500000,7.500000
-4646.999004,2225.135905,7.500000,7.500000
-4626.082164,2182.580954,7.500000,7.500000
-4604.034395,2140.627527,7.500000,7.500000
-4580.439987,2099.496735,7.500000,7.500000
-4556.845580,2058.365943,7.500000,7.500000
-4532.881917,2017.454817,7.500000,7.500000
-4507.996568,1977.091994,7.500000,7.500000
-4483.111218,1936.729171,7.500000,7.500000
-4458.225869,1896.366348,7.500000,7.500000
-4433.279668,1856.041107,7.500000,7.500000
-4408.332909,1815.716209,7.500000,7.500000
-4383.371396,1775.400497,7.500000,7.500000
-4358.196563,1735.217592,7.500000,7.500000
-4333.021731,1695.034686,7.500000,7.500000
-4307.846898,1654.851780,7.500000,7.500000
-4282.672066,1614.668874,7.500000,7.500000
-4257.497233,1574.485969,7.500000,7.500000
-4232.322401,1534.303063,7.500000,7.500000
-4205.949291,1494.900190,7.500000,7.500000
-4179.393997,1455.615913,7.500000,7.500000
-4152.838703,1416.331635,7.500000,7.500000
-4126.283409,1377.047357,7.500000,7.500000
-4099.010801,1338.279906,7.500000,7.500000
-4070.152710,1300.654799,7.500000,7.500000
-4041.294618,1263.029692,7.500000,7.500000
-4010.733286,1226.824823,7.500000,7.500000
-3978.907685,1191.674159,7.500000,7.500000
-3947.082083,1156.523495,7.500000,7.500000
-3915.256482,1121.372831,7.500000,7.500000
-3881.655205,1088.089729,7.500000,7.500000
-3844.944883,1058.076560,7.500000,7.500000
-3808.234560,1028.063390,7.500000,7.500000
-3771.524237,998.050221,7.500000,7.500000
-3732.813446,971.180712,7.500000,7.500000
-3690.076753,950.637753,7.500000,7.500000
-3647.340060,930.094793,7.500000,7.500000
-3604.603367,909.551833,7.500000,7.500000
-3561.866674,889.008874,7.500000,7.500000
-3519.129982,868.465914,7.500000,7.500000
-3472.733760,859.824100,7.500000,7.500000
-3425.838337,852.805737,7.500000,7.500000
-3378.942914,845.787375,7.500000,7.500000
-3331.762324,846.710590,7.500000,7.500000
-3284.484295,850.347362,7.500000,7.500000
-3237.657622,856.509108,7.500000,7.500000
-3192.047534,869.476682,7.500000,7.500000
-3146.437445,882.444256,7.500000,7.500000
-3100.827357,895.411830,7.500000,7.500000
-3055.217269,908.379404,7.500000,7.500000
-3015.194469,932.966257,7.500000,7.500000
-2976.586769,960.495944,7.500000,7.500000
-2937.979070,988.025631,7.500000,7.500000
-2899.371371,1015.555318,7.500000,7.500000
-2860.763672,1043.085005,7.500000,7.500000
-2822.155972,1070.614692,7.500000,7.500000
-2783.548273,1098.144379,7.500000,7.500000
-2744.940574,1125.674066,7.500000,7.500000
-2706.332875,1153.203753,7.500000,7.500000
-2667.725175,1180.733440,7.500000,7.500000
-2629.117476,1208.263127,7.500000,7.500000
-2590.509777,1235.792814,7.500000,7.500000
-2554.282235,1266.286510,7.500000,7.500000
-2519.065658,1298.039161,7.500000,7.500000
-2484.002943,1329.961606,7.500000,7.500000
-2448.945029,1361.889349,7.500000,7.500000
-2413.887115,1393.817092,7.500000,7.500000
-2378.823007,1425.738032,7.500000,7.500000
-2343.757101,1457.656998,7.500000,7.500000
-2308.691196,1489.575963,7.500000,7.500000
-2273.625290,1521.494929,7.500000,7.500000
-2238.522831,1553.373595,7.500000,7.500000
-2203.344889,1585.169043,7.500000,7.500000
-2166.200696,1614.615017,7.500000,7.500000
-2128.704229,1643.640060,7.500000,7.500000
-2091.207762,1672.665102,7.500000,7.500000
-2053.711296,1701.690145,7.500000,7.500000
-2016.214829,1730.715188,7.500000,7.500000
-1978.718363,1759.740230,7.500000,7.500000
-1941.221896,1788.765273,7.500000,7.500000
-1901.747645,1814.910518,7.500000,7.500000
-1861.196132,1839.487193,7.500000,7.500000
-1820.088739,1863.005567,7.500000,7.500000
-1776.839350,1882.445949,7.500000,7.500000
-1733.589961,1901.886331,7.500000,7.500000
-1690.340572,1921.326713,7.500000,7.500000
-1647.091183,1940.767095,7.500000,7.500000
-1602.224631,1955.653024,7.500000,7.500000
-1556.399913,1967.840449,7.500000,7.500000
-1510.575195,1980.027874,7.500000,7.500000
-1464.750477,1992.215299,7.500000,7.500000
-1418.461786,2002.294187,7.500000,7.500000
-1371.753909,2010.468066,7.500000,7.500000
-1325.046031,2018.641945,7.500000,7.500000
-1277.918864,2023.843428,7.500000,7.500000
-1230.772489,2028.908741,7.500000,7.500000
-1183.552954,2033.096851,7.500000,7.500000
-1136.218855,2035.911311,7.500000,7.500000
-1088.884756,2038.725771,7.500000,7.500000
-1041.550657,2041.540231,7.500000,7.500000
-994.188185,2043.735865,7.500000,7.500000
-946.795138,2045.264673,7.500000,7.500000
-899.402092,2046.793481,7.500000,7.500000
-852.009045,2048.322289,7.500000,7.500000
-804.615999,2049.851097,7.500000,7.500000
-757.219492,2051.250649,7.500000,7.500000
-709.812523,2052.259308,7.500000,7.500000
-662.405554,2053.267967,7.500000,7.500000
-614.998585,2054.276626,7.500000,7.500000
-567.591616,2055.285285,7.500000,7.500000
-520.183505,2056.234178,7.500000,7.500000
-472.772616,2057.037752,7.500000,7.500000
-425.361727,2057.841327,7.500000,7.500000
-377.950838,2058.644901,7.500000,7.500000
-330.539950,2059.448475,7.500000,7.500000
-283.127896,2060.169967,7.500000,7.500000
-235.713294,2060.711848,7.500000,7.500000
-188.298692,2061.253729,7.500000,7.500000
-140.884090,2061.795610,7.500000,7.500000
-93.469369,2062.326907,7.500000,7.500000
-46.054576,2062.851794,7.500000,7.500000
1.360217,2063.376681,7.500000,7.500000
48.775010,2063.901568,7.500000,7.500000
96.189803,2064.426455,7.500000,7.500000
143.604596,2064.951342,7.500000,7.500000
191.021537,2065.204864,7.500000,7.500000
238.438698,2065.430660,7.500000,7.500000
285.855858,2065.656456,7.500000,7.500000
333.273019,2065.882252,7.500000,7.500000
380.690219,2066.099519,7.500000,7.500000
428.107461,2066.307489,7.500000,7.500000
475.524703,2066.515459,7.500000,7.500000
522.941945,2066.723430,7.500000,7.500000
570.359188,2066.931400,7.500000,7.500000
617.774918,2067.339839,7.500000,7.500000
665.189905,2067.846951,7.500000,7.500000
712.604891,2068.354063,7.500000,7.500000
760.019878,2068.861175,7.500000,7.500000
807.431344,2069.614845,7.500000,7.500000
854.841484,2070.461455,7.500000,7.500000
902.251624,2071.308065,7.500000,7.500000
949.661764,2072.154674,7.500000,7.500000
997.071904,2073.001284,7.500000,7.500000
1044.482044,2073.847894,7.500000,7.500000
1091.887096,2074.937038,7.500000,7.500000
1139.291034,2076.079302,7.500000,7.500000
1186.694972,2077.221566,7.500000,7.500000
1234.098910,2078.363829,7.500000,7.500000
1281.502848,2079.506093,7.500000,7.500000
1328.904136,2080.750315,7.500000,7.500000
1376.303405,2082.072207,7.500000,7.500000
1423.702674,2083.394098,7.500000,7.500000
1471.101943,2084.715990,7.500000,7.500000
1518.501213,2086.037882,7.500000,7.500000
1565.899798,2087.383508,7.500000,7.500000
1613.296555,2088.792600,7.500000,7.500000
1660.693312,2090.201693,7.500000,7.500000
1708.090069,2091.610786,7.500000,7.500000
1755.486826,2093.019879,7.500000,7.500000
1802.883583,2094.428971,7.500000,7.500000
1850.280339,2095.838064,7.500000,7.500000
1897.677096,2097.247157,7.500000,7.500000
1945.073160,2098.679174,7.500000,7.500000
1992.468428,2100.137490,7.500000,7.500000
2039.863696,2101.595806,7.500000,7.500000
2087.258964,2103.054122,7.500000,7.500000
2134.654232,2104.512438,7.500000,7.500000
2182.049500,2105.970754,7.500000,7.500000
2229.444768,2107.429070,7.500000,7.500000
2276.840035,2108.887386,7.500000,7.500000
2324.238780,2110.203417,7.500000,7.500000
2371.648713,2111.061515,7.500000,7.500000
2419.058647,2111.919614,7.500000,7.500000
2466.468580,2112.777712,7.500000,7.500000
2513.878513,2113.635810,7.500000,7.500000
2561.290424,2113.631210,7.500000,7.500000
2608.703793,2112.990489,7.500000,7.500000
2656.117163,2112.349768,7.500000,7.500000
2703.514944,2111.130709,7.500000,7.500000
2750.893985,2109.216405,7.500000,7.500000
2798.250182,2106.870524,7.500000,7.500000
2845.566563,2103.772427,7.500000,7.500000
2892.882944,2100.674331,7.500000,7.500000
2940.199325,2097.576235,7.500000,7.500000
2987.238704,2091.744443,7.500000,7.500000
3034.214790,2085.288015,7.500000,7.500000
3081.190876,2078.831586,7.500000,7.500000
3128.166962,2072.375157,7.500000,7.500000
3174.754304,2064.005741,7.500000,7.500000
3220.524445,2051.614929,7.500000,7.500000
3266.294587,2039.224117,7.500000,7.500000
3312.064729,2026.833305,7.500000,7.500000
3357.239208,2012.638248,7.500000,7.500000
3401.389878,1995.342110,7.500000,7.500000
3444.845681,1976.673013,7.500000,7.500000
3484.927831,1951.338069,7.500000,7.500000
3525.009980,1926.003126,7.500000,7.500000
3565.092130,1900.668182,7.500000,7.500000
3605.174280,1875.333238,7.500000,7.500000
3645.256430,1849.998294,7.500000,7.500000
3677.206980,1815.258523,7.500000,7.500000
3708.066009,1779.256323,7.500000,7.500000
3738.925038,1743.254122,7.500000,7.500000
3769.784067,1707.251922,7.500000,7.500000
3800.643096,1671.249721,7.500000,7.500000
3831.502125,1635.247521,7.500000,7.500000
3850.162422,1592.050210,7.500000,7.500000
3866.741308,1547.625232,7.500000,7.500000
3883.320195,1503.200255,7.500000,7.500000
3899.899081,1458.775277,7.500000,7.500000
3916.477968,1414.350300,7.500000,7.500000
3933.056854,1369.925322,7.500000,7.500000
3947.334427,1324.744459,7.500000,7.500000
3960.326049,1279.141215,7.500000,7.500000
3973.317671,1233.537971,7.500000,7.500000
3986.309293,1187.934727,7.500000,7.500000
4000.096108,1142.566688,7.500000,7.500000
4014.001890,1097.233838,7.500000,7.500000
4027.907673,1051.900987,7.500000,7.500000
4041.813455,1006.568137,7.500000,7.500000
4055.719237,961.235286,7.500000,7.500000
4069.625020,915.902436,7.500000,7.500000
4083.530802,870.569585,7.500000,7.500000
4097.399754,825.225462,7.500000,7.500000
4111.251264,779.875999,7.500000,7.500000
4125.102774,734.526536,7.500000,7.500000
4138.954283,689.177073,7.500000,7.500000
4152.805793,643.827610,7.500000,7.500000
4166.564944,598.450188,7.500000,7.500000
4180.190319,553.032270,7.500000,7.500000
4193.815694,507.614353,7.500000,7.500000
4204.576484,461.462682,7.500000,7.500000
4214.463636,415.087232,7.500000,7.500000
4224.350788,368.711782,7.500000,7.500000
4234.237939,322.336333,7.500000,7.500000
4239.372372,275.423445,7.500000,7.500000
4240.090740,228.011189,7.500000,7.500000
4240.809107,180.598932,7.500000,7.500000
4241.527475,133.186676,7.500000,7.500000
4237.541979,86.396925,7.500000,7.500000
4224.515335,40.803673,7.500000,7.500000
4211.488692,-4.789580,7.500000,7.500000
4193.491423,-48.421508,7.500000,7.500000
4171.874838,-90.625316,7.500000,7.500000
4146.733758,-130.708588,7.500000,7.500000
4119.572931,-169.576668,7.500000,7.500000
4087.702778,-204.097708,7.500000,7.500000
4051.128486,-234.276495,7.500000,7.500000
4014.554193,-264.455283,7.500000,7.500000
3977.979901,-294.634071,7.500000,7.500000
3941.405608,-324.812859,7.500000,7.500000
3902.103684,-350.871732,7.500000,7.500000
3860.038560,-372.756965,7.500000,7.500000
3817.973436,-394.642199,7.500000,7.500000
3775.908312,-416.527432,7.500000,7.500000
3733.032953,-436.777574,7.500000,7.500000
3690.139713,-456.991629,7.500000,7.500000
3646.650731,-475.887043,7.500000,7.500000
3603.130471,-494.713223,7.500000,7.500000
3559.610211,-513.539403,7.500000,7.500000
3516.089951,-532.365583,7.500000,7.500000
3472.059517,-549.957306,7.500000,7.500000
3427.946077,-567.348181,7.500000,7.500000
3383.394983,-583.535006,7.500000,7.500000
3338.410605,-598.529798,7.500000,7.500000
3293.327539,-613.219205,7.500000,7.500000
3248.075302,-627.385123,7.500000,7.500000
3202.823066,-641.551040,7.500000,7.500000
3157.309300,-654.846245,7.500000,7.500000
3111.740872,-667.959461,7.500000,7.500000
3066.172443,-681.072678,7.500000,7.500000
3020.432014,-693.567996,7.500000,7.500000
2974.642153,-705.885737,7.500000,7.500000
2928.852292,-718.203477,7.500000,7.500000
2883.062540,-730.521624,7.500000,7.500000
2837.208031,-742.593272,7.500000,7.500000
2791.279055,-754.381709,7.500000,7.500000
2745.350078,-766.170147,7.500000,7.500000
2699.421102,-777.958584,7.500000,7.500000
2653.492126,-789.747021,7.500000,7.500000
2607.563150,-801.535458,7.500000,7.500000
2561.634173,-813.323895,7.500000,7.500000
2515.873285,-825.747779,7.500000,7.500000
2470.122623,-838.210325,7.500000,7.500000
2424.371961,-850.672871,7.500000,7.500000
2378.621299,-863.135417,7.500000,7.500000
2332.870637,-875.597963,7.500000,7.500000
2287.119975,-888.060508,7.500000,7.500000
2241.362218,-900.496970,7.500000,7.500000
2195.603152,-912.928623,7.500000,7.500000
2149.844086,-925.360277,7.500000,7.500000
2104.083468,-937.786195,7.500000,7.500000
2058.300038,-950.127816,7.500000,7.500000
2012.516607,-962.469436,7.500000,7.500000
1966.733177,-974.811057,7.500000,7.500000
1920.949746,-987.152677,7.500000,7.500000
1875.167176,-999.497481,7.500000,7.500000
1829.405244,-1011.918577,7.500000,7.500000
1783.643311,-1024.339673,7.500000,7.500000
1737.881378,-1036.760769,7.500000,7.500000
1692.119446,-1049.181865,7.500000,7.500000
1646.339576,-1061.536453,7.500000,7.500000
1600.537879,-1073.810111,7.500000,7.500000
1554.736182,-1086.083768,7.500000,7.500000
1508.934485,-1098.357426,7.500000,7.500000
1463.132788,-1110.631083,7.500000,7.500000
1417.331091,-1122.904740,7.500000,7.500000
1371.529394,-1135.178398,7.500000,7.500000
1325.759892,-1147.571387,7.500000,7.500000
1280.000000,-1160.000000,7.500000,7.500000
