id,season,round,race_name,gp_name,track_id,race_date
52ca328f-e6e1-47af-8bc3-300cea1b57db,2024,1.0,Yas Marina Circuit,Abu Dhabi Grand Prix,03c25c4b-a99e-4a12-8333-36aa33693b06,
dd011b06-ed79-4b82-a88a-ecd9e1e939bf,2024,21.0,Melbourne,Australian Grand Prix,9dba4fda-97dd-4225-b439-7e6d7b532856,
56d3b294-0de4-4301-8049-91d6b58abdbf,2024,,Spielberg,Austrian Grand Prix,5c13b638-86bd-4c7f-8f46-f8d37359a6b3,
016e9d99-38ea-4637-94f9-0b35ad0dde40,2024,40.0,Baku,Azerbaijan Grand Prix,3df3e96e-8f0a-4057-9185-b276e4ad2b68,
41b1aa87-61b4-4442-9d33-9e35cb471404,2024,60.0,Sakhir,Bahrain Grand Prix,be16511d-34c6-4125-b550-0949b7f82ff4,
f8030bcc-d24c-4b8d-ad51-e170df5faa22,2024,80.0,Spa-Francorchamps,Belgian Grand Prix,1eb1571d-d58b-43cc-b67d-89fb8fe83774,
a2de9fd2-f08e-4277-97b5-93b45087d386,2024,100.0,Silverstone,British Grand Prix,ca8114e7-6063-40cc-8013-0444d3e731a0,
7ef65c14-4333-470b-9d67-e84e9cda3423,2024,120.0,Montreal,Canadian Grand Prix,9598985c-5cbf-4e79-b875-208de55e34a3,
be6d4de5-e8d7-4e43-a74a-73c319d5552e,2024,,Shanghai,Chinese Grand Prix,f2b19289-eca1-4715-bafd-d114f589d4b5,
85ddc9e0-85c0-4895-9f1b-2c80b0163143,2024,140.0,Zandvoort,Dutch Grand Prix,56f959e0-1c16-40d5-855a-8248af2fcbf2,
7e9f0a33-0402-4cfa-8d35-48f1de5c230c,2024,160.0,Imola,Emilia Romagna Grand Prix,39a4353c-4ce8-4f9c-b983-51dcb1a606e2,
1cb7809c-4efe-4481-99b1-e0c27606380c,2024,180.0,Hungaroring,Hungarian Grand Prix,9c2eee39-b163-4908-98b0-028af331f6a8,
34d01286-1c41-47d6-a39e-e22fc39697a3,2024,200.0,Monza,Italian Grand Prix,de591c4a-c7dd-469e-af0c-c8af2d26c239,
96d91896-ab88-4528-ad3a-ba1f438cc0fc,2024,220.0,Suzuka,Japanese Grand Prix,45100642-955a-40aa-9d0d-c0a9db0634f1,
130947f0-f4e1-4f88-a15e-27a72e00c742,2024,240.0,Las Vegas,Las Vegas Grand Prix,cea2af3f-93bc-49ff-82e0-e818778bf5c8,
042f632d-9a48-43e2-bc12-e2dd4a9e6a22,2024,260.0,Mexico City,Mexico City Grand Prix,1f510bbd-63b2-4839-bed2-9230c952324c,
7cacd8d5-a6b2-4a83-9eb9-8d233f756eda,2024,,Miami,Miami Grand Prix,ad8dde41-6aba-4fae-9da8-90478c0a154d,
60b17014-fa80-4382-84ca-ad209ae33c08,2024,280.0,Monte Carlo,Monaco Grand Prix,3bc68f84-aac5-4779-83be-7decbf70acca,
5ce1f6e4-af25-43cc-b959-803188fe3615,2024,300.0,Pre-Season Testing,Pre-Season Testing,4cf836ca-02ff-4f1f-a3ba-e3e50ca8295f,
f4889f15-b568-4d01-8d55-439f0b0709f2,2024,,Lusail,Qatar Grand Prix,e4aa9140-dbec-4b45-a860-d1ea0d0350dc,
48b9ef38-f484-4f7a-b795-0b28717c9d5b,2024,320.0,Jeddah,Saudi Arabian Grand Prix,efa9e2f8-5bc2-4a9a-acfd-9cc47b8f838f,
80290d9e-6e93-4823-a19b-59e7b84f3268,2024,340.0,Singapore,Singapore Grand Prix,7676c2bc-4a73-48f7-a7dd-6ebffeaff342,
ea004fbf-a0f7-4a0f-893d-545f3e8fe37d,2024,360.0,Catalunya,Spanish Grand Prix,ebc51513-5837-4f2e-b870-f71d766ff429,
f258685d-1f06-445b-93e7-dcefffc0d9cd,2024,,Interlagos,São Paulo Grand Prix,07f218ec-5781-41f1-8edc-6f63313737e6,
d0a8e23d-1377-42e8-bda7-e918dc7bd1e0,2024,,Austin,United States Grand Prix,1523fc54-78b6-428e-9866-64602d9f47a4,
70b68934-fae7-4ffb-9bf2-474b9242f8b3,2025,1.0,Yas Marina Circuit,Abu Dhabi Grand Prix,03c25c4b-a99e-4a12-8333-36aa33693b06,
9eceb842-026b-46f7-953f-b41ed47bd899,2025,21.0,Melbourne,Australian Grand Prix,9dba4fda-97dd-4225-b439-7e6d7b532856,
32aefa6f-aac7-4dcf-ba41-4d2779ad374f,2025,41.0,Spielberg,Austrian Grand Prix,5c13b638-86bd-4c7f-8f46-f8d37359a6b3,
db03c073-6c0d-4789-ad7c-8c2d7263c377,2025,61.0,Baku,Azerbaijan Grand Prix,3df3e96e-8f0a-4057-9185-b276e4ad2b68,
05ea6da9-8328-4f0d-af72-db45b55c3b4a,2025,81.0,Sakhir,Bahrain Grand Prix,be16511d-34c6-4125-b550-0949b7f82ff4,
df0ac51c-ba87-4f01-94da-0ff5e4c31e22,2025,,Spa-Francorchamps,Belgian Grand Prix,1eb1571d-d58b-43cc-b67d-89fb8fe83774,
2f6471c6-f0a0-4623-b920-0b095c6b4367,2025,101.0,Silverstone,British Grand Prix,ca8114e7-6063-40cc-8013-0444d3e731a0,
41a7cb94-6eb4-4185-8a24-4ee7c56518c0,2025,121.0,Montreal,Canadian Grand Prix,9598985c-5cbf-4e79-b875-208de55e34a3,
9b723eaa-c85a-447a-b462-ff3ca2970b36,2025,,Shanghai,Chinese Grand Prix,f2b19289-eca1-4715-bafd-d114f589d4b5,
0fd58e36-3037-4257-b861-382e603b312f,2025,141.0,Zandvoort,Dutch Grand Prix,56f959e0-1c16-40d5-855a-8248af2fcbf2,
371c0280-c24f-4e5c-ab29-a11ccef1e0c1,2025,161.0,Imola,Emilia Romagna Grand Prix,39a4353c-4ce8-4f9c-b983-51dcb1a606e2,
330007bf-f559-4c55-9333-3a916743f434,2025,181.0,Hungaroring,Hungarian Grand Prix,9c2eee39-b163-4908-98b0-028af331f6a8,
0cad6a04-f6d4-4b88-b2e1-04aeef40e7f3,2025,201.0,Monza,Italian Grand Prix,de591c4a-c7dd-469e-af0c-c8af2d26c239,
ecdf8fa9-aa91-4b4a-b226-98075a415cde,2025,221.0,Suzuka,Japanese Grand Prix,45100642-955a-40aa-9d0d-c0a9db0634f1,
8264fcec-c87f-4508-9184-d2706b947a62,2025,241.0,Las Vegas,Las Vegas Grand Prix,cea2af3f-93bc-49ff-82e0-e818778bf5c8,
b29ac769-910e-4809-b3f9-6933f2c3aa92,2025,261.0,Mexico City,Mexico City Grand Prix,1f510bbd-63b2-4839-bed2-9230c952324c,
b3ee27a7-e15c-4f9a-82f8-99c9150ce5e7,2025,281.0,Monte Carlo,Monaco Grand Prix,3bc68f84-aac5-4779-83be-7decbf70acca,
d0567348-7c01-4717-a7ee-86af8bc68b73,2025,301.0,Pre-Season Testing,Pre-Season Testing,4cf836ca-02ff-4f1f-a3ba-e3e50ca8295f,
d2d07edc-1204-48f3-a4e7-86bbd0a3df8a,2025,,Lusail,Qatar Grand Prix,e4aa9140-dbec-4b45-a860-d1ea0d0350dc,
dc598e33-9452-45f0-9656-6c4d6836aa12,2025,321.0,Jeddah,Saudi Arabian Grand Prix,efa9e2f8-5bc2-4a9a-acfd-9cc47b8f838f,
4192a32e-8214-41ca-8b60-826742b95a9c,2025,341.0,Singapore,Singapore Grand Prix,7676c2bc-4a73-48f7-a7dd-6ebffeaff342,
9f569781-bdaa-484c-b3e9-880343610b9c,2025,361.0,Catalunya,Spanish Grand Prix,ebc51513-5837-4f2e-b870-f71d766ff429,
79e45d23-5aaa-4cdc-a1be-470e27bb41ff,2025,,Interlagos,São Paulo Grand Prix,07f218ec-5781-41f1-8edc-6f63313737e6,
2eb19531-f1f2-4a8f-a71e-076285271571,2025,,Austin,United States Grand Prix,1523fc54-78b6-428e-9866-64602d9f47a4,
